id,org_id,name,address,sq_ft,image_src,bms_manufacturer,bms_product_name,bms_version,timezone,info,status,equip_count,point_count,city,county,btu_sqft
441,5,88737,,551143.0,,,,,America/New_York,"{'floors': '', 'm2fend': '', 'satend': '', 'sunend': '', 'geoCity': 'Bronx', 'geoState': 'NY', 'm2fstart': '', 'satstart': '', 'sunstart': '', 'yearBuilt': '', 'geoCountry': 'US', 'weatherRef': '', 'customerType': 'Multifamily'}",LIVE,20,1293,Bronx,Bronx County,45.0
140,5,83483,,21869.0,,,,,America/New_York,"{'floors': '', 'm2fend': '', 'satend': '', 'sunend': '', 'geoCity': 'New York', 'geoState': 'NY', 'm2fstart': '', 'satstart': '', 'sunstart': '', 'yearBuilt': '', 'geoCountry': 'US', 'weatherRef': '', 'customerType': 'Commercial Office'}",LIVE,13,354,New York,New York County,45.0
191,5,94414,,198057.0,,,,,America/New_York,"{'floors': '', 'm2fend': '23:00', 'satend': '23:00', 'sunend': '23:00', 'geoCity': 'Victor', 'geoState': 'NY', 'm2fstart': '07:30', 'satstart': '07:30', 'sunstart': '07:30', 'yearBuilt': '', 'geoCountry': 'US', 'weatherRef': '', 'customerType': 'Commercial Retail'}",LIVE,7,19,Victor,Ontario County,55.0
231,5,89496,,,,,,,America/New_York,"{'floors': '', 'm2fend': '', 'satend': '', 'sunend': '', 'geoCity': 'New York', 'geoState': 'NY', 'm2fstart': '', 'satstart': '', 'sunstart': '', 'yearBuilt': '', 'geoCountry': 'US', 'weatherRef': '', 'customerType': ''}",LIVE,4,51,New York,New York County,45.0
248,5,116742,,127000.0,,,,,America/New_York,"{'floors': '', 'm2fend': '', 'satend': '', 'sunend': '', 'geoCity': 'New York', 'geoState': 'NY', 'm2fstart': '', 'satstart': '', 'sunstart': '', 'yearBuilt': '', 'geoCountry': 'US', 'weatherRef': '', 'customerType': 'Multifamily'}",LIVE,7,34,New York,New York County,45.0
249,5,90366,,120000.0,,,,,America/New_York,"{'floors': '', 'm2fend': '', 'satend': '', 'sunend': '', 'geoCity': 'New York', 'geoState': 'NY', 'm2fstart': '', 'satstart': '', 'sunstart': '', 'yearBuilt': '', 'geoCountry': 'US', 'weatherRef': '', 'customerType': 'Commercial Retail'}",LIVE,2,6,New York,New York County,45.0
271,5,80324,,32240.0,,,,,America/New_York,"{'floors': '', 'm2fend': '23:00:00', 'satend': '23:00:00', 'sunend': '23:00:00', 'geoCity': 'New York', 'geoState': 'NY', 'm2fstart': '06:00:00', 'satstart': '06:00:00', 'sunstart': '06:00:00', 'yearBuilt': '', 'geoCountry': 'US', 'weatherRef': '', 'customerType': 'College/University'}",LIVE,13,182,New York,New York County,45.0
285,5,94400,,198057.0,,,,,America/New_York,"{'floors': '', 'm2fend': '23:00', 'satend': '23:00', 'sunend': '23:00', 'geoCity': 'White Plains', 'geoState': 'NY', 'm2fstart': '07:30', 'satstart': '07:30', 'sunstart': '07:30', 'yearBuilt': '', 'geoCountry': 'US', 'weatherRef': '', 'customerType': 'Commercial Retail'}",LIVE,7,17,White Plains,Westchester County,45.0
297,5,94412,,198057.0,,,,,America/New_York,"{'floors': '', 'm2fend': '23:00', 'satend': '23:00', 'sunend': '23:00', 'geoCity': 'Watertown', 'geoState': 'NY', 'm2fstart': '07:30', 'satstart': '07:30', 'sunstart': '07:30', 'yearBuilt': '', 'geoCountry': 'US', 'weatherRef': '', 'customerType': 'Commercial Retail'}",LIVE,8,24,Watertown,Jefferson County,60.0
322,5,94411,,198057.0,,,,,America/New_York,"{'floors': '', 'm2fend': '23:00', 'satend': '23:00', 'sunend': '23:00', 'geoCity': 'New Hartford', 'geoState': 'NY', 'm2fstart': '07:30', 'satstart': '07:30', 'sunstart': '07:30', 'yearBuilt': '', 'geoCountry': 'US', 'weatherRef': '', 'customerType': 'Commercial Retail'}",LIVE,7,19,New Hartford,Oneida County,60.0
317,5,128286,,35000.0,,,,,America/New_York,"{'floors': '', 'm2fend': '', 'satend': '', 'sunend': '', 'geoCity': 'New York', 'geoState': 'NY', 'm2fstart': '', 'satstart': '', 'sunstart': '', 'yearBuilt': '', 'geoCountry': 'US', 'weatherRef': '', 'customerType': 'Multifamily'}",LIVE,2,38,New York,New York County,45.0
434,5,129666,,56090.0,,,,,America/New_York,"{'floors': '', 'm2fend': '', 'satend': '', 'sunend': '', 'geoCity': 'Brooklyn', 'geoState': 'NY', 'm2fstart': '', 'satstart': '', 'sunstart': '', 'yearBuilt': '', 'geoCountry': 'US', 'weatherRef': '', 'customerType': 'Multifamily'}",LIVE,12,171,Brooklyn,Kings County,45.0
419,5,116399,,130000.0,,,,,America/New_York,"{'floors': '', 'm2fend': '', 'satend': '', 'sunend': '', 'geoCity': 'New York', 'geoState': 'NY', 'm2fstart': '', 'satstart': '', 'sunstart': '', 'yearBuilt': '', 'geoCountry': 'US', 'weatherRef': '', 'customerType': 'College/University'}",LIVE,32,354,New York,New York County,45.0
375,5,97789,,232808.0,,,,,America/New_York,"{'floors': '', 'm2fend': '', 'satend': '', 'sunend': '', 'geoCity': 'BRONX', 'geoState': 'NY', 'm2fstart': '', 'satstart': '', 'sunstart': '', 'yearBuilt': '', 'geoCountry': 'US', 'weatherRef': '', 'customerType': 'Multifamily'}",LIVE,4,159,BRONX,Bronx County,45.0
470,5,164423,,,,,,,America/New_York,"{'floors': '', 'm2fend': '', 'satend': '', 'sunend': '', 'geoCity': 'New York', 'geoState': 'NY', 'm2fstart': '', 'satstart': '', 'sunstart': '', 'yearBuilt': '', 'geoCountry': 'US', 'weatherRef': '', 'customerType': 'Commercial Office'}",LIVE,205,1140,New York,New York County,45.0
426,5,76513,,80000.0,,,,,America/New_York,"{'floors': '', 'm2fend': '', 'satend': '', 'sunend': '', 'geoCity': 'New York', 'geoState': 'NY', 'm2fstart': '', 'satstart': '', 'sunstart': '', 'yearBuilt': '', 'geoCountry': 'US', 'weatherRef': '', 'customerType': 'Hospitality'}",LIVE,92,959,New York,New York County,45.0
423,5,124540,,119710.0,,,,,America/New_York,"{'floors': '', 'm2fend': '', 'satend': '', 'sunend': '', 'geoCity': 'Queens', 'geoState': 'NY', 'm2fstart': '', 'satstart': '', 'sunstart': '', 'yearBuilt': '', 'geoCountry': 'US', 'weatherRef': '', 'customerType': 'Multifamily'}",LIVE,139,463,Queens,Queens County,45.0
439,5,87722,,3000000.0,,,,,America/New_York,"{'floors': '', 'm2fend': '', 'satend': '', 'sunend': '', 'geoCity': 'NYC', 'geoState': 'NY', 'm2fstart': '', 'satstart': '', 'sunstart': '', 'yearBuilt': '', 'geoCountry': 'US', 'weatherRef': '', 'customerType': 'Commercial Office'}",LIVE,1,1,NYC,New York County,45.0
314,5,114460,,100000.0,,,,,America/New_York,"{'floors': '', 'm2fend': '', 'satend': '', 'sunend': '', 'geoCity': 'New York', 'geoState': 'NY', 'm2fstart': '', 'satstart': '', 'sunstart': '', 'yearBuilt': '', 'geoCountry': 'US', 'weatherRef': '', 'customerType': 'Commercial Office'}",LIVE,9,51,New York,New York County,45.0
467,5,139252,,,,,,,America/New_York,"{'floors': '', 'm2fend': '', 'satend': '', 'sunend': '', 'geoCity': 'Brooklyn', 'geoState': 'NY', 'm2fstart': '', 'satstart': '', 'sunstart': '', 'yearBuilt': '', 'geoCountry': 'US', 'weatherRef': '', 'customerType': 'Multifamily'}",LIVE,2,41,Brooklyn,Kings County,45.0
455,5,164994,,,,,,,America/New_York,"{'floors': '', 'm2fend': '', 'satend': '', 'sunend': '', 'geoCity': 'Brooklyn', 'geoState': 'NY', 'm2fstart': '', 'satstart': '', 'sunstart': '', 'yearBuilt': '', 'geoCountry': 'US', 'weatherRef': '', 'customerType': 'Chemicals'}",LIVE,30,195,Brooklyn,Kings County,45.0
105,5,79789,,56000.0,,,,,America/New_York,"{'floors': '', 'm2fend': '', 'satend': '', 'sunend': '', 'geoCity': 'Kingston', 'geoState': 'NY', 'm2fstart': '', 'satstart': '', 'sunstart': '', 'yearBuilt': '', 'geoCountry': 'US', 'weatherRef': '', 'customerType': 'Food/Beverage'}",LIVE,14,34,Kingston,Ulster County,60.0
107,5,84869,,50000.0,,,,,America/New_York,"{'geoCity': 'New York', 'geoState': 'NY', 'geoCountry': 'US', 'customerType': 'Commercial Office'}",LIVE,42,44,New York,New York County,45.0
488,5,152000,,,,,,,America/New_York,"{'floors': '', 'm2fend': '', 'satend': '', 'sunend': '', 'geoCity': 'New York', 'geoState': 'NY', 'm2fstart': '', 'satstart': '', 'sunstart': '', 'yearBuilt': '', 'geoCountry': 'US', 'weatherRef': '', 'customerType': 'Commercial Office'}",LIVE,39,107,New York,New York County,45.0
445,5,145732,,33220.0,,,,,America/New_York,"{'floors': '', 'm2fend': '', 'satend': '', 'sunend': '', 'geoCity': 'New York', 'geoState': 'NY', 'm2fstart': '', 'satstart': '', 'sunstart': '', 'yearBuilt': '', 'geoCountry': 'US', 'weatherRef': '', 'customerType': 'Multifamily'}",LIVE,2,36,New York,New York County,45.0
417,5,78797,,1898155.0,,,,,America/New_York,"{'floors': '', 'm2fend': '', 'satend': '', 'sunend': '', 'geoCity': 'New York', 'geoState': 'NY', 'm2fstart': '', 'satstart': '', 'sunstart': '', 'yearBuilt': '', 'geoCountry': 'US', 'weatherRef': '', 'customerType': 'Commercial Office'}",LIVE,45,599,New York,New York County,45.0
460,5,153255,,,,,,,America/New_York,"{'floors': '', 'm2fend': '', 'satend': '', 'sunend': '', 'geoCity': 'Flushing', 'geoState': 'NY', 'm2fstart': '', 'satstart': '', 'sunstart': '', 'yearBuilt': '', 'geoCountry': 'US', 'weatherRef': '', 'customerType': 'Healthcare'}",LIVE,2,2,Flushing,Queens County,45.0
472,5,130262,,,,,,,America/New_York,"{'floors': '', 'm2fend': '', 'satend': '', 'sunend': '', 'geoCity': 'Corning', 'geoState': 'NY', 'm2fstart': '', 'satstart': '', 'sunstart': '', 'yearBuilt': '', 'geoCountry': 'US', 'weatherRef': '', 'customerType': 'College/University'}",LIVE,14,101,Corning,Steuben County,60.0
442,5,150388,,205000.0,,,,,America/New_York,"{'floors': '', 'm2fend': '', 'satend': '', 'sunend': '', 'geoCity': 'Rye', 'geoState': 'NY', 'm2fstart': '', 'satstart': '', 'sunstart': '', 'yearBuilt': '', 'geoCountry': 'US', 'weatherRef': '', 'customerType': 'Multifamily'}",LIVE,26,69,Rye,Westchester County,45.0
118,5,73107,,275000.0,,,,,America/New_York,"{'floors': '', 'm2fend': '', 'satend': '', 'sunend': '', 'geoCity': 'New York', 'geoState': 'NY', 'm2fstart': '', 'satstart': '', 'sunstart': '', 'yearBuilt': '', 'geoCountry': 'US', 'weatherRef': '', 'customerType': 'Commercial Retail'}",LIVE,122,258,New York,New York County,45.0
477,5,159950,,,,,,,America/New_York,"{'floors': '', 'm2fend': '', 'satend': '', 'sunend': '', 'geoCity': 'New York', 'geoState': 'NY', 'm2fstart': '', 'satstart': '', 'sunstart': '', 'yearBuilt': '', 'geoCountry': 'US', 'weatherRef': '', 'customerType': 'Healthcare'}",LIVE,27,331,New York,New York County,45.0
443,5,149911,,600000.0,,,,,America/New_York,"{'floors': '', 'm2fend': '', 'satend': '', 'sunend': '', 'geoCity': 'New York', 'geoState': 'NY', 'm2fstart': '', 'satstart': '', 'sunstart': '', 'yearBuilt': '', 'geoCountry': 'US', 'weatherRef': '', 'customerType': 'College/University'}",LIVE,10,119,New York,New York County,45.0
468,5,159109,,,,,,,America/New_York,"{'floors': '', 'm2fend': '', 'satend': '', 'sunend': '', 'geoCity': 'Bronxville', 'geoState': 'NY', 'm2fstart': '', 'satstart': '', 'sunstart': '', 'yearBuilt': '', 'geoCountry': 'US', 'weatherRef': '', 'customerType': 'Multifamily'}",LIVE,1,24,Bronxville,Westchester County,45.0
438,5,116350,,1500000.0,,,,,America/New_York,"{'floors': '', 'm2fend': '', 'satend': '', 'sunend': '', 'geoCity': 'New York', 'geoState': 'NY', 'm2fstart': '', 'satstart': '', 'sunstart': '', 'yearBuilt': '', 'geoCountry': 'US', 'weatherRef': '', 'customerType': 'Commercial Office'}",LIVE,221,1111,New York,New York County,45.0
478,5,160783,,,,,,,America/New_York,"{'floors': '', 'm2fend': '', 'satend': '', 'sunend': '', 'geoCity': 'Rochester', 'geoState': 'NY', 'm2fstart': '', 'satstart': '', 'sunstart': '', 'yearBuilt': '', 'geoCountry': 'US', 'weatherRef': '', 'customerType': 'K-12 School'}",LIVE,48,308,Rochester,Monroe County,55.0
395,5,85481,,171129.0,,,,,America/New_York,"{'floors': '', 'm2fend': '', 'satend': '', 'sunend': '', 'geoCity': 'New York', 'geoState': 'NY', 'm2fstart': '', 'satstart': '', 'sunstart': '', 'yearBuilt': '', 'geoCountry': 'US', 'weatherRef': '', 'customerType': 'Hospitality'}",LIVE,9,86,New York,New York County,45.0
485,5,133932,,,,,,,America/New_York,"{'floors': '', 'm2fend': '', 'satend': '', 'sunend': '', 'geoCity': 'New York', 'geoState': 'NY', 'm2fstart': '', 'satstart': '', 'sunstart': '', 'yearBuilt': '', 'geoCountry': 'US', 'weatherRef': '', 'customerType': 'Commercial Office'}",LIVE,20,53,New York,New York County,45.0
418,5,110897,,2800000.0,,,,,America/New_York,{},LIVE,393,586,,New York County,45.0
450,5,131034,,665000.0,,,,,America/New_York,"{'floors': '', 'm2fend': '', 'satend': '', 'sunend': '', 'geoCity': 'New York', 'geoState': 'NY', 'm2fstart': '', 'satstart': '', 'sunstart': '', 'yearBuilt': '', 'geoCountry': 'US', 'weatherRef': '', 'customerType': 'Commercial Office'}",LIVE,19,329,New York,New York County,45.0
473,5,164864,,,,,,,America/New_York,"{'floors': '', 'm2fend': '', 'satend': '', 'sunend': '', 'geoCity': 'Warsaw', 'geoState': 'NY', 'm2fstart': '', 'satstart': '', 'sunstart': '', 'yearBuilt': '', 'geoCountry': 'US', 'weatherRef': '', 'customerType': 'K-12 School'}",LIVE,15,106,Warsaw,Wyoming County,60.0
230,5,111479,,1040873.0,,,,,America/New_York,"{'floors': '', 'm2fend': '', 'satend': '', 'sunend': '', 'geoCity': 'New York', 'geoState': 'NY', 'm2fstart': '', 'satstart': '', 'sunstart': '', 'yearBuilt': '', 'geoCountry': 'US', 'weatherRef': '', 'customerType': 'Multifamily'}",LIVE,91,188,New York,New York County,45.0
127,5,89089,,789079.0,,,,,America/New_York,"{'floors': '', 'm2fend': '', 'satend': '', 'sunend': '', 'geoCity': 'Flushing', 'geoState': 'NY', 'm2fstart': '', 'satstart': '', 'sunstart': '', 'yearBuilt': '', 'geoCountry': 'US', 'weatherRef': '', 'customerType': 'Multifamily'}",LIVE,11,319,Flushing,Queens County,45.0
469,5,144601,,,,,,,America/New_York,"{'floors': '', 'm2fend': '', 'satend': '', 'sunend': '', 'geoCity': 'White Plains', 'geoState': 'NY', 'm2fstart': '', 'satstart': '', 'sunstart': '', 'yearBuilt': '', 'geoCountry': 'US', 'weatherRef': '', 'customerType': 'Multifamily'}",LIVE,2,33,White Plains,Westchester County,45.0
100,5,116723,,153750.0,,,,,America/New_York,"{'floors': '', 'm2fend': '', 'satend': '', 'sunend': '', 'geoCity': 'New York', 'geoState': 'NY', 'm2fstart': '', 'satstart': '', 'sunstart': '', 'yearBuilt': '', 'geoCountry': 'US', 'weatherRef': '', 'customerType': 'Multifamily'}",LIVE,3,8,New York,New York County,45.0
452,5,128615,,1028336.0,,,,,America/New_York,"{'floors': '', 'm2fend': '', 'satend': '', 'sunend': '', 'geoCity': 'New York', 'geoState': 'NY', 'm2fstart': '', 'satstart': '', 'sunstart': '', 'yearBuilt': '', 'geoCountry': 'US', 'weatherRef': '', 'customerType': 'Commercial Office'}",LIVE,189,867,New York,New York County,45.0
461,5,137940,,47092.0,,,,,America/New_York,"{'floors': '', 'm2fend': '', 'satend': '', 'sunend': '', 'geoCity': 'New York', 'geoState': 'NY', 'm2fstart': '', 'satstart': '', 'sunstart': '', 'yearBuilt': '', 'geoCountry': 'US', 'weatherRef': '', 'customerType': 'Commercial Retail'}",LIVE,2,38,New York,New York County,45.0
489,5,163896,,,,,,,America/New_York,"{'floors': '', 'm2fend': '', 'satend': '', 'sunend': '', 'geoCity': 'New York', 'geoState': 'NY', 'm2fstart': '', 'satstart': '', 'sunstart': '', 'yearBuilt': '', 'geoCountry': 'US', 'weatherRef': '', 'customerType': 'Commercial Office'}",LIVE,85,113,New York,New York County,45.0
99,5,113413,,869066.0,,,,,America/New_York,"{'floors': '', 'm2fend': '', 'satend': '', 'sunend': '', 'geoCity': 'Brooklyn', 'geoState': 'NY', 'm2fstart': '', 'satstart': '', 'sunstart': '', 'yearBuilt': '', 'geoCountry': 'US', 'weatherRef': '', 'customerType': 'Multifamily'}",LIVE,126,262,Brooklyn,Kings County,45.0
98,5,68855,,2338000.0,,,,,America/New_York,"{'floors': '54', 'm2fend': '', 'satend': '', 'sunend': '', 'geoCity': 'New York', 'geoState': 'NY', 'm2fstart': '', 'satstart': '', 'sunstart': '', 'yearBuilt': '1973', 'geoCountry': 'US', 'weatherRef': '', 'customerType': 'Commercial Office'}",LIVE,38,132,New York,New York County,45.0
479,5,163716,,,,,,,America/New_York,"{'floors': '', 'm2fend': '', 'satend': '', 'sunend': '', 'geoCity': 'Pittsford', 'geoState': 'NY', 'm2fstart': '', 'satstart': '', 'sunstart': '', 'yearBuilt': '', 'geoCountry': 'US', 'weatherRef': '', 'customerType': 'K-12 School'}",LIVE,50,268,Pittsford,Monroe County,55.0
474,5,164033,,,,,,,America/New_York,"{'floors': '', 'm2fend': '', 'satend': '', 'sunend': '', 'geoCity': 'lewiston', 'geoState': 'NY', 'm2fstart': '', 'satstart': '', 'sunstart': '', 'yearBuilt': '', 'geoCountry': 'US', 'weatherRef': '', 'customerType': 'Healthcare'}",LIVE,22,197,lewiston,Niagara County,55.0
466,5,137257,,,,,,,America/New_York,"{'floors': '', 'm2fend': '', 'satend': '', 'sunend': '', 'geoCity': 'Long Island City', 'geoState': 'NY', 'm2fstart': '', 'satstart': '', 'sunstart': '', 'yearBuilt': '', 'geoCountry': 'US', 'weatherRef': '', 'customerType': 'Multifamily'}",LIVE,2,38,Long Island City,Queens County,45.0
134,5,112620,,12000.0,,,,,America/New_York,"{'floors': '', 'm2fend': '', 'satend': '', 'sunend': '', 'geoCity': 'New York', 'geoState': 'NY', 'm2fstart': '', 'satstart': '', 'sunstart': '', 'yearBuilt': '', 'geoCountry': 'US', 'weatherRef': '', 'customerType': 'Commercial Office'}",LIVE,129,264,New York,New York County,45.0
131,5,128313,,205000.0,,,,,America/New_York,"{'floors': '', 'm2fend': '', 'satend': '', 'sunend': '', 'geoCity': 'Brooklyn', 'geoState': 'NY', 'm2fstart': '', 'satstart': '', 'sunstart': '', 'yearBuilt': '', 'geoCountry': 'US', 'weatherRef': '', 'customerType': 'Commercial Retail'}",LIVE,3,4,Brooklyn,Kings County,45.0
130,5,104698,,145000.0,,,,,America/New_York,"{'floors': '', 'm2fend': '', 'satend': '', 'sunend': '', 'geoCity': 'New York', 'geoState': 'NY', 'm2fstart': '', 'satstart': '', 'sunstart': '', 'yearBuilt': '', 'geoCountry': 'US', 'weatherRef': '', 'customerType': 'K-12 School'}",LIVE,16,181,New York,New York County,45.0
420,5,87261,,236000.0,,,,,America/New_York,"{'floors': '', 'm2fend': '', 'satend': '', 'sunend': '', 'geoCity': 'New York', 'geoState': 'NY', 'm2fstart': '', 'satstart': '', 'sunstart': '', 'yearBuilt': '', 'geoCountry': 'US', 'weatherRef': '', 'customerType': 'Healthcare'}",LIVE,342,6068,New York,New York County,45.0
136,5,99315,,274096.0,,,,,America/New_York,"{'floors': '', 'm2fend': '', 'satend': '', 'sunend': '', 'geoCity': 'Bronx', 'geoState': 'NY', 'm2fstart': '', 'satstart': '', 'sunstart': '', 'yearBuilt': '', 'geoCountry': 'US', 'weatherRef': '', 'customerType': 'Multifamily'}",LIVE,2,26,Bronx,Bronx County,45.0
475,5,158818,,,,,,,America/New_York,"{'floors': '', 'm2fend': '', 'satend': '', 'sunend': '', 'geoCity': 'Canandaigua', 'geoState': 'NY', 'm2fstart': '', 'satstart': '', 'sunstart': '', 'yearBuilt': '', 'geoCountry': 'US', 'weatherRef': '', 'customerType': 'College/University'}",LIVE,16,145,Canandaigua,Ontario County,55.0
373,5,96938,,127577.0,,,,,America/New_York,"{'floors': '', 'm2fend': '', 'satend': '', 'sunend': '', 'geoCity': 'New York', 'geoState': 'NY', 'm2fstart': '', 'satstart': '', 'sunstart': '', 'yearBuilt': '', 'geoCountry': 'US', 'weatherRef': '', 'customerType': 'Multifamily'}",LIVE,2,10,New York,New York County,45.0
176,5,90367,,150000.0,,,,,America/New_York,"{'floors': '', 'm2fend': '', 'satend': '', 'sunend': '', 'geoCity': 'New York', 'geoState': 'NY', 'm2fstart': '', 'satstart': '', 'sunstart': '', 'yearBuilt': '', 'geoCountry': 'US', 'weatherRef': '', 'customerType': 'Commercial Retail'}",LIVE,3,7,New York,New York County,45.0
217,5,130079,,229154.0,,,,,America/New_York,"{'floors': '', 'm2fend': '', 'satend': '', 'sunend': '', 'geoCity': 'New York', 'geoState': 'NY', 'm2fstart': '', 'satstart': '', 'sunstart': '', 'yearBuilt': '', 'geoCountry': 'US', 'weatherRef': '', 'customerType': 'Commercial Office'}",LIVE,9,23,New York,New York County,45.0
490,5,124556,,782298.0,,,,,America/New_York,"{'floors': '', 'm2fend': '', 'satend': '', 'sunend': '', 'geoCity': 'Brooklyn', 'geoState': 'NY', 'm2fstart': '', 'satstart': '', 'sunstart': '', 'yearBuilt': '', 'geoCountry': 'US', 'weatherRef': '', 'customerType': 'Multifamily'}",LIVE,1,73,Brooklyn,Kings County,45.0
103,5,75216,,563391.0,,,,,America/New_York,"{'floors': '37', 'm2fend': '', 'satend': '', 'sunend': '', 'geoCity': 'New York', 'geoState': 'NY', 'm2fstart': '', 'satstart': '', 'sunstart': '', 'yearBuilt': '1969', 'geoCountry': 'US', 'weatherRef': '', 'customerType': 'Commercial Office'}",LIVE,16,37,New York,New York County,45.0
421,5,108774,,7960.0,,,,,America/New_York,"{'floors': '', 'm2fend': '', 'satend': '', 'sunend': '', 'geoCity': 'New York', 'geoState': 'NY', 'm2fstart': '', 'satstart': '', 'sunstart': '', 'yearBuilt': '', 'geoCountry': 'US', 'weatherRef': '', 'customerType': 'Multifamily'}",LIVE,2,30,New York,New York County,45.0
476,5,122677,,110000.0,,,,,America/New_York,"{'floors': '', 'm2fend': '', 'satend': '', 'sunend': '', 'geoCity': 'Woodside', 'geoState': 'NY', 'm2fstart': '', 'satstart': '', 'sunstart': '', 'yearBuilt': '', 'geoCountry': 'US', 'weatherRef': '', 'customerType': 'Healthcare'}",LIVE,3,3,Woodside,Queens County,45.0
142,5,82119,,2400000.0,,,,,America/New_York,"{'floors': '', 'm2fend': '', 'satend': '', 'sunend': '', 'geoCity': 'New York', 'geoState': 'NY', 'm2fstart': '', 'satstart': '', 'sunstart': '', 'yearBuilt': '', 'geoCountry': 'US', 'weatherRef': '', 'customerType': 'Commercial Office'}",LIVE,12,42,New York,New York County,45.0
462,5,144540,,76800.0,,,,,America/New_York,"{'floors': '', 'm2fend': '', 'satend': '', 'sunend': '', 'geoCity': 'Bronx', 'geoState': 'NY', 'm2fstart': '', 'satstart': '', 'sunstart': '', 'yearBuilt': '', 'geoCountry': 'US', 'weatherRef': '', 'customerType': 'Multifamily'}",LIVE,2,45,Bronx,Bronx County,45.0
422,5,114249,,352360.0,,,,,America/New_York,"{'floors': '', 'm2fend': '', 'satend': '', 'sunend': '', 'geoCity': 'Bronx', 'geoState': 'NY', 'm2fstart': '', 'satstart': '', 'sunstart': '', 'yearBuilt': '', 'geoCountry': 'US', 'weatherRef': '', 'customerType': 'Multifamily'}",LIVE,16,210,Bronx,Bronx County,45.0
503,5,145813,,,,,,,America/New_York,"{'floors': '', 'm2fend': '', 'satend': '', 'sunend': '', 'geoCity': 'New York', 'geoState': 'NY', 'm2fstart': '', 'satstart': '', 'sunstart': '', 'yearBuilt': '', 'geoCountry': 'US', 'weatherRef': '', 'customerType': 'Commercial Office'}",LIVE,35,157,New York,New York County,45.0
385,5,92344,,180000.0,,,,,America/New_York,"{'floors': '', 'm2fend': '', 'satend': '', 'sunend': '', 'geoCity': 'New York', 'geoState': 'NY', 'm2fstart': '', 'satstart': '', 'sunstart': '', 'yearBuilt': '', 'geoCountry': 'US', 'weatherRef': '', 'customerType': 'Healthcare'}",LIVE,13,72,New York,New York County,45.0
471,5,136558,,,,,,,America/New_York,"{'floors': '', 'm2fend': '', 'satend': '', 'sunend': '', 'geoCity': 'Rochester', 'geoState': 'NY', 'm2fstart': '', 'satstart': '', 'sunstart': '', 'yearBuilt': '', 'geoCountry': 'US', 'weatherRef': '', 'customerType': 'Healthcare'}",LIVE,43,311,Rochester,Monroe County,55.0
143,5,108998,,16903.0,,,,,America/New_York,"{'floors': '', 'm2fend': '', 'satend': '', 'sunend': '', 'geoCity': 'Manhattan', 'geoState': 'NY', 'm2fstart': '', 'satstart': '', 'sunstart': '', 'yearBuilt': '', 'geoCountry': 'US', 'weatherRef': '', 'customerType': 'Multifamily'}",LIVE,1,13,Manhattan,New York County,45.0
454,5,155776,,,,,,,America/New_York,"{'floors': '', 'm2fend': '', 'satend': '', 'sunend': '', 'geoCity': 'New York', 'geoState': 'NY', 'm2fstart': '', 'satstart': '', 'sunstart': '', 'yearBuilt': '', 'geoCountry': 'US', 'weatherRef': '', 'customerType': 'Commercial Office'}",LIVE,13,28,New York,New York County,45.0
279,5,75620,,25000.0,,,,,America/New_York,{},LIVE,12,415,,New York County,45.0
108,5,86328,,43850.0,,,,,America/New_York,"{'floors': '', 'm2fend': '', 'satend': '', 'sunend': '', 'geoCity': 'Yonkers', 'geoState': 'NY', 'm2fstart': '', 'satstart': '', 'sunstart': '', 'yearBuilt': '', 'geoCountry': 'US', 'weatherRef': '', 'customerType': 'Commercial Retail'}",LIVE,7,96,Yonkers,Westchester County,45.0
481,5,124529,,,,,,,America/New_York,"{'floors': '', 'm2fend': '', 'satend': '', 'sunend': '', 'geoCity': 'Queens', 'geoState': 'NY', 'm2fstart': '', 'satstart': '', 'sunstart': '', 'yearBuilt': '', 'geoCountry': 'US', 'weatherRef': '', 'customerType': 'Healthcare'}",LIVE,27,285,Queens,Queens County,45.0
101,5,75049,,20000.0,,,,,America/New_York,"{'floors': '', 'm2fend': '', 'satend': '', 'sunend': '', 'geoCity': 'New York', 'geoState': 'NY', 'm2fstart': '', 'satstart': '', 'sunstart': '', 'yearBuilt': '', 'geoCountry': 'US', 'weatherRef': '', 'customerType': 'Hospitality'}",LIVE,70,1405,New York,New York County,45.0
491,5,119313,,,,,,,America/New_York,"{'floors': '', 'm2fend': '', 'satend': '', 'sunend': '', 'geoCity': 'New York', 'geoState': 'NY', 'm2fstart': '', 'satstart': '', 'sunstart': '', 'yearBuilt': '', 'geoCountry': 'US', 'weatherRef': '', 'customerType': 'Multifamily'}",LIVE,9,45,New York,New York County,45.0
492,5,122607,,,,,,,America/New_York,"{'floors': '', 'm2fend': '', 'satend': '', 'sunend': '', 'geoCity': 'New York', 'geoState': 'NY', 'm2fstart': '', 'satstart': '', 'sunstart': '', 'yearBuilt': '', 'geoCountry': 'US', 'weatherRef': '', 'customerType': 'Hospitality'}",LIVE,43,182,New York,New York County,45.0
111,5,89522,,13512.0,,,,,America/New_York,"{'floors': '', 'm2fend': '', 'satend': '', 'sunend': '', 'geoCity': 'New York', 'geoState': 'NY', 'm2fstart': '', 'satstart': '', 'sunstart': '', 'yearBuilt': '', 'geoCountry': 'US', 'weatherRef': '', 'customerType': 'Multifamily'}",LIVE,2,19,New York,New York County,45.0
109,5,88776,,357001.0,,,,,America/New_York,"{'floors': '', 'm2fend': '', 'satend': '', 'sunend': '', 'geoCity': 'New York', 'geoState': 'NY', 'm2fstart': '', 'satstart': '', 'sunstart': '', 'yearBuilt': '', 'geoCountry': 'US', 'weatherRef': '', 'customerType': 'Multifamily'}",LIVE,31,220,New York,New York County,45.0
451,5,137244,,49428.0,,,,,America/New_York,"{'floors': '', 'm2fend': '', 'satend': '', 'sunend': '', 'geoCity': 'Brooklyn', 'geoState': 'NY', 'm2fstart': '', 'satstart': '', 'sunstart': '', 'yearBuilt': '', 'geoCountry': 'US', 'weatherRef': '', 'customerType': 'Multifamily'}",LIVE,2,38,Brooklyn,Kings County,45.0
258,5,123183,,135000.0,,,,,America/New_York,"{'floors': '', 'm2fend': '', 'satend': '', 'sunend': '', 'geoCity': 'New York City', 'geoState': 'NY', 'm2fstart': '', 'satstart': '', 'sunstart': '', 'yearBuilt': '', 'geoCountry': 'US', 'weatherRef': '', 'customerType': 'Multifamily'}",LIVE,66,176,New York City,New York County,45.0
112,5,92894,,210000.0,,,,,America/New_York,"{'floors': '', 'm2fend': '', 'satend': '', 'sunend': '', 'geoCity': 'New York', 'geoState': 'NY', 'm2fstart': '', 'satstart': '', 'sunstart': '', 'yearBuilt': '', 'geoCountry': 'US', 'weatherRef': '', 'customerType': 'Commercial Office'}",LIVE,13,34,New York,New York County,45.0
440,5,93400,,268000.0,,,,,America/New_York,"{'floors': '', 'm2fend': '', 'satend': '', 'sunend': '', 'geoCity': 'New York', 'geoState': 'NY', 'm2fstart': '', 'satstart': '', 'sunstart': '', 'yearBuilt': '', 'geoCountry': 'US', 'weatherRef': '', 'customerType': 'Commercial Office'}",LIVE,18,57,New York,New York County,45.0
483,5,141633,,,,,,,America/New_York,"{'floors': '', 'm2fend': '', 'satend': '', 'sunend': '', 'geoCity': 'Flushing', 'geoState': 'NY', 'm2fstart': '', 'satstart': '', 'sunstart': '', 'yearBuilt': '', 'geoCountry': 'US', 'weatherRef': '', 'customerType': 'Healthcare'}",LIVE,28,63,Flushing,Queens County,45.0
113,5,116888,,63550.0,,,,,America/New_York,"{'floors': '', 'm2fend': '', 'satend': '', 'sunend': '', 'geoCity': 'New York', 'geoState': 'NY', 'm2fstart': '', 'satstart': '', 'sunstart': '', 'yearBuilt': '', 'geoCountry': 'US', 'weatherRef': '', 'customerType': 'Multifamily'}",LIVE,12,16,New York,New York County,45.0
114,5,117460,,240900.0,,,,,America/New_York,"{'floors': '', 'm2fend': '', 'satend': '', 'sunend': '', 'geoCity': 'Bronx', 'geoState': 'NY', 'm2fstart': '', 'satstart': '', 'sunstart': '', 'yearBuilt': '', 'geoCountry': 'US', 'weatherRef': '', 'customerType': 'College/University'}",LIVE,1,2,Bronx,Bronx County,45.0
119,5,73582,,98122.0,,,,,America/New_York,"{'floors': '4', 'm2fend': '1700', 'satend': '1700', 'sunend': '1700', 'geoCity': 'Brooklyn', 'geoState': 'NY', 'm2fstart': '900', 'satstart': '900', 'sunstart': '900', 'yearBuilt': '1968', 'geoCountry': 'US', 'weatherRef': 'KNYBROOK210', 'customerType': 'Not For Profit'}",LIVE,111,1980,Brooklyn,Kings County,45.0
200,5,111473,,1040873.0,,,,,America/New_York,"{'floors': '', 'm2fend': '', 'satend': '', 'sunend': '', 'geoCity': 'New York', 'geoState': 'NY', 'm2fstart': '', 'satstart': '', 'sunstart': '', 'yearBuilt': '', 'geoCountry': 'US', 'weatherRef': '', 'customerType': 'Multifamily'}",LIVE,55,110,New York,New York County,45.0
117,5,68975,,179000.0,,,,,America/New_York,"{'floors': '', 'm2fend': '', 'satend': '', 'sunend': '', 'geoCity': 'New York', 'geoState': 'NY', 'm2fstart': '', 'satstart': '', 'sunstart': '', 'yearBuilt': '', 'geoCountry': 'US', 'weatherRef': '', 'customerType': 'Healthcare'}",LIVE,26,127,New York,New York County,45.0
121,5,77439,,236067.0,,,,,America/New_York,"{'floors': '24', 'm2fend': '', 'satend': '', 'sunend': '', 'geoCity': 'New York', 'geoState': 'NY', 'm2fstart': '', 'satstart': '', 'sunstart': '', 'yearBuilt': '1929', 'geoCountry': 'US', 'weatherRef': '', 'customerType': 'Commercial Office'}",LIVE,11,35,New York,New York County,45.0
120,5,75506,,600000.0,,,,,America/New_York,"{'floors': '', 'm2fend': '', 'satend': '', 'sunend': '', 'geoCity': 'New York', 'geoState': 'NY', 'm2fstart': '', 'satstart': '', 'sunstart': '', 'yearBuilt': '', 'geoCountry': 'US', 'weatherRef': '', 'customerType': 'Commercial Office'}",LIVE,120,409,New York,New York County,45.0
122,5,79790,,56000.0,,,,,America/New_York,"{'floors': '', 'm2fend': '', 'satend': '', 'sunend': '', 'geoCity': 'Middletown', 'geoState': 'NY', 'm2fstart': '', 'satstart': '', 'sunstart': '', 'yearBuilt': '', 'geoCountry': 'US', 'weatherRef': '', 'customerType': 'Food/Beverage'}",LIVE,12,38,Middletown,Orange County,55.0
484,5,113572,,699000.0,,,,,America/New_York,"{'floors': '', 'm2fend': '', 'satend': '', 'sunend': '', 'geoCity': 'New York', 'geoState': 'NY', 'm2fstart': '', 'satstart': '', 'sunstart': '', 'yearBuilt': '', 'geoCountry': 'US', 'weatherRef': '', 'customerType': 'Commercial Office'}",LIVE,12,83,New York,New York County,45.0
110,5,89088,,789079.0,,,,,America/New_York,{},LIVE,17,252,,New York County,45.0
151,5,94395,,198057.0,,,,,America/New_York,"{'floors': '', 'm2fend': '23:00', 'satend': '23:00', 'sunend': '23:00', 'geoCity': 'Nanuet', 'geoState': 'NY', 'm2fstart': '07:30', 'satstart': '07:30', 'sunstart': '07:30', 'yearBuilt': '', 'geoCountry': 'US', 'weatherRef': '', 'customerType': 'Commercial Retail'}",LIVE,6,13,Nanuet,Rockland County,55.0
153,5,125921,,20025.0,,,,,America/New_York,"{'floors': '', 'm2fend': '', 'satend': '', 'sunend': '', 'geoCity': 'Bronx', 'geoState': 'NY', 'm2fstart': '', 'satstart': '', 'sunstart': '', 'yearBuilt': '', 'geoCountry': 'US', 'weatherRef': '', 'customerType': 'Multifamily'}",LIVE,5,30,Bronx,Bronx County,45.0
129,5,103083,,1200000.0,,,,,America/New_York,"{'floors': '', 'm2fend': '', 'satend': '', 'sunend': '', 'geoCity': 'New York', 'geoState': 'NY', 'm2fstart': '', 'satstart': '', 'sunstart': '', 'yearBuilt': '', 'geoCountry': 'US', 'weatherRef': '', 'customerType': 'Commercial Office'}",LIVE,32,35,New York,New York County,45.0
148,5,89097,,789079.0,,,,,America/New_York,"{'floors': '', 'm2fend': '', 'satend': '', 'sunend': '', 'geoCity': 'Bronx', 'geoState': 'NY', 'm2fstart': '', 'satstart': '', 'sunstart': '', 'yearBuilt': '', 'geoCountry': 'US', 'weatherRef': '', 'customerType': 'Multifamily'}",LIVE,4,6,Bronx,Bronx County,45.0
115,5,130853,,1073894.0,,,,,America/New_York,"{'floors': '', 'm2fend': '', 'satend': '', 'sunend': '', 'geoCity': 'New York', 'geoState': 'NY', 'm2fstart': '', 'satstart': '', 'sunstart': '', 'yearBuilt': '', 'geoCountry': 'US', 'weatherRef': '', 'customerType': 'Commercial Office'}",LIVE,29,105,New York,New York County,45.0
116,5,128312,,205000.0,,,,,America/New_York,"{'floors': '', 'm2fend': '', 'satend': '', 'sunend': '', 'geoCity': 'Brooklyn', 'geoState': 'NY', 'm2fstart': '', 'satstart': '', 'sunstart': '', 'yearBuilt': '', 'geoCountry': 'US', 'weatherRef': '', 'customerType': 'Commercial Retail'}",LIVE,3,4,Brooklyn,Kings County,45.0
125,5,86373,,8500.0,,,,,America/New_York,"{'floors': '', 'm2fend': '', 'satend': '', 'sunend': '', 'geoCity': 'Yonkers', 'geoState': 'NY', 'm2fstart': '', 'satstart': '', 'sunstart': '', 'yearBuilt': '', 'geoCountry': 'US', 'weatherRef': '', 'customerType': 'Commercial Retail'}",LIVE,3,3,Yonkers,Westchester County,45.0
126,5,88777,,52096.0,,,,,America/New_York,"{'floors': '', 'm2fend': '', 'satend': '', 'sunend': '', 'geoCity': 'Bronx', 'geoState': 'NY', 'm2fstart': '', 'satstart': '', 'sunstart': '', 'yearBuilt': '', 'geoCountry': 'US', 'weatherRef': '', 'customerType': 'Multifamily'}",LIVE,8,31,Bronx,Bronx County,45.0
486,5,133939,,,,,,,America/New_York,"{'floors': '', 'm2fend': '', 'satend': '', 'sunend': '', 'geoCity': 'New York', 'geoState': 'NY', 'm2fstart': '', 'satstart': '', 'sunstart': '', 'yearBuilt': '', 'geoCountry': 'US', 'weatherRef': '', 'customerType': 'Commercial Office'}",LIVE,63,66,New York,New York County,45.0
465,5,123771,,470000.0,,,,,America/New_York,"{'floors': '', 'm2fend': '', 'satend': '', 'sunend': '', 'geoCity': 'New York', 'geoState': 'NY', 'm2fstart': '', 'satstart': '', 'sunstart': '', 'yearBuilt': '', 'geoCountry': 'US', 'weatherRef': '', 'customerType': 'Commercial Office'}",LIVE,54,414,New York,New York County,45.0
132,5,94415,,198057.0,,,,,America/New_York,"{'floors': '', 'm2fend': '23:00', 'satend': '23:00', 'sunend': '23:00', 'geoCity': 'Hudson', 'geoState': 'NY', 'm2fstart': '07:30', 'satstart': '07:30', 'sunstart': '07:30', 'yearBuilt': '', 'geoCountry': 'US', 'weatherRef': '', 'customerType': 'Commercial Retail'}",LIVE,7,16,Hudson,Columbia County,55.0
124,5,85326,,700000.0,,,,,America/New_York,"{'floors': '', 'm2fend': '', 'satend': '', 'sunend': '', 'geoCity': 'Queens', 'geoState': 'NY', 'm2fstart': '', 'satstart': '', 'sunstart': '', 'yearBuilt': '', 'geoCountry': 'US', 'weatherRef': '', 'customerType': 'Commercial Retail'}",LIVE,1,5,Queens,Queens County,45.0
135,5,92332,,200000.0,,,,,America/New_York,"{'floors': '', 'm2fend': '', 'satend': '', 'sunend': '', 'geoCity': 'New York', 'geoState': 'NY', 'm2fstart': '', 'satstart': '', 'sunstart': '', 'yearBuilt': '', 'geoCountry': 'US', 'weatherRef': '', 'customerType': 'Commercial Retail'}",LIVE,2,5,New York,New York County,45.0
487,5,144812,,667000.0,,,,,America/New_York,"{'floors': '', 'm2fend': '', 'satend': '', 'sunend': '', 'geoCity': 'New York', 'geoState': 'NY', 'm2fstart': '', 'satstart': '', 'sunstart': '', 'yearBuilt': '', 'geoCountry': 'US', 'weatherRef': '', 'customerType': 'Commercial Office'}",LIVE,94,185,New York,New York County,45.0
138,5,108366,,15750.0,,,,,America/New_York,"{'floors': '', 'm2fend': '', 'satend': '', 'sunend': '', 'geoCity': 'Bronx', 'geoState': 'NY', 'm2fstart': '', 'satstart': '', 'sunstart': '', 'yearBuilt': '', 'geoCountry': 'US', 'weatherRef': '', 'customerType': 'Multifamily'}",LIVE,2,28,Bronx,Bronx County,45.0
137,5,92406,,221704.0,,,,,America/New_York,"{'geoCity': 'Brooklyn', 'geoState': 'NY', 'geoCountry': 'US', 'customerType': 'Commercial Office'}",LIVE,23,217,Brooklyn,Kings County,45.0
128,5,93623,,252105.0,,,,,America/New_York,"{'floors': '', 'm2fend': '', 'satend': '', 'sunend': '', 'geoCity': 'Bronx', 'geoState': 'NY', 'm2fstart': '', 'satstart': '', 'sunstart': '', 'yearBuilt': '', 'geoCountry': 'US', 'weatherRef': '', 'customerType': 'Multifamily'}",LIVE,5,126,Bronx,Bronx County,45.0
141,5,84481,,1325000.0,,,,,America/New_York,"{'floors': '47', 'm2fend': '', 'satend': '', 'sunend': '', 'geoCity': 'New York', 'geoState': 'NY', 'm2fstart': '', 'satstart': '', 'sunstart': '', 'yearBuilt': '1971', 'geoCountry': 'US', 'weatherRef': '', 'customerType': 'Commercial Office'}",LIVE,41,82,New York,New York County,45.0
145,5,125854,,43299.0,,,,,America/New_York,"{'floors': '', 'm2fend': '', 'satend': '', 'sunend': '', 'geoCity': 'Bronx', 'geoState': 'NY', 'm2fstart': '', 'satstart': '', 'sunstart': '', 'yearBuilt': '', 'geoCountry': 'US', 'weatherRef': '', 'customerType': 'Multifamily'}",LIVE,6,35,Bronx,Bronx County,45.0
147,5,94422,,198057.0,,,,,America/New_York,"{'floors': '', 'm2fend': '23:00', 'satend': '23:00', 'sunend': '23:00', 'geoCity': 'Niagara Falls', 'geoState': 'NY', 'm2fstart': '07:30', 'satstart': '07:30', 'sunstart': '07:30', 'yearBuilt': '', 'geoCountry': 'US', 'weatherRef': '', 'customerType': 'Commercial Retail'}",LIVE,5,18,Niagara Falls,Niagara County,55.0
149,5,110938,,31152.0,,,,,America/New_York,"{'floors': '', 'm2fend': '', 'satend': '', 'sunend': '', 'geoCity': 'Manhattan', 'geoState': 'NY', 'm2fstart': '', 'satstart': '', 'sunstart': '', 'yearBuilt': '', 'geoCountry': 'US', 'weatherRef': '', 'customerType': 'Multifamily'}",LIVE,3,37,Manhattan,New York County,45.0
171,5,136271,,23400.0,,,,,America/New_York,"{'floors': '', 'm2fend': '', 'satend': '', 'sunend': '', 'geoCity': 'New York', 'geoState': 'NY', 'm2fstart': '', 'satstart': '', 'sunstart': '', 'yearBuilt': '', 'geoCountry': 'US', 'weatherRef': '', 'customerType': 'Multifamily'}",LIVE,3,32,New York,New York County,45.0
146,5,92485,,281755.0,,,,,America/New_York,"{'floors': '', 'm2fend': '', 'satend': '', 'sunend': '', 'geoCity': 'New York', 'geoState': 'NY', 'm2fstart': '', 'satstart': '', 'sunstart': '', 'yearBuilt': '', 'geoCountry': 'US', 'weatherRef': '', 'customerType': 'Commercial Office'}",LIVE,41,363,New York,New York County,45.0
162,5,82141,,373700.0,,,,,America/New_York,"{'floors': '', 'm2fend': '16:00:00', 'satend': '', 'sunend': '20:30:00', 'geoCity': 'Hudson', 'geoState': 'NY', 'm2fstart': '06:30:00', 'satstart': '', 'sunstart': '10:00:00', 'yearBuilt': '', 'geoCountry': 'US', 'weatherRef': '', 'customerType': 'K-12 School'}",LIVE,179,1224,Hudson,Columbia County,55.0
163,5,102854,,20000.0,,,,,America/New_York,"{'floors': '', 'm2fend': '', 'satend': '', 'sunend': '', 'geoCity': 'Manhattan', 'geoState': 'NY', 'm2fstart': '', 'satstart': '', 'sunstart': '', 'yearBuilt': '', 'geoCountry': 'US', 'weatherRef': '', 'customerType': 'Multifamily'}",LIVE,3,31,Manhattan,New York County,45.0
165,5,108235,,144000.0,,,,,America/New_York,"{'floors': '', 'm2fend': '', 'satend': '', 'sunend': '', 'geoCity': 'Fairport', 'geoState': 'NY', 'm2fstart': '', 'satstart': '', 'sunstart': '', 'yearBuilt': '', 'geoCountry': 'US', 'weatherRef': '', 'customerType': 'Commercial Retail'}",LIVE,7,23,Fairport,Monroe County,55.0
168,5,86375,,900000.0,,,,,America/New_York,"{'floors': '', 'm2fend': '', 'satend': '', 'sunend': '', 'geoCity': 'Bronx', 'geoState': 'NY', 'm2fstart': '', 'satstart': '', 'sunstart': '', 'yearBuilt': '', 'geoCountry': 'US', 'weatherRef': '', 'customerType': 'Healthcare'}",LIVE,9,230,Bronx,Bronx County,45.0
172,5,94408,,198057.0,,,,,America/New_York,"{'floors': '', 'm2fend': '23:00', 'satend': '23:00', 'sunend': '23:00', 'geoCity': 'Syracuse', 'geoState': 'NY', 'm2fstart': '07:30', 'satstart': '07:30', 'sunstart': '07:30', 'yearBuilt': '', 'geoCountry': 'US', 'weatherRef': '', 'customerType': 'Commercial Retail'}",LIVE,6,14,Syracuse,Onondaga County,55.0
173,5,94399,,198057.0,,,,,America/New_York,"{'floors': '', 'm2fend': '23:00', 'satend': '23:00', 'sunend': '23:00', 'geoCity': 'Staten Island', 'geoState': 'NY', 'm2fstart': '07:30', 'satstart': '07:30', 'sunstart': '07:30', 'yearBuilt': '', 'geoCountry': 'US', 'weatherRef': '', 'customerType': 'Commercial Retail'}",LIVE,4,12,Staten Island,Richmond County,45.0
170,5,89091,,789079.0,,,,,America/New_York,"{'floors': '', 'm2fend': '', 'satend': '', 'sunend': '', 'geoCity': 'Flushing', 'geoState': 'NY', 'm2fstart': '', 'satstart': '', 'sunstart': '', 'yearBuilt': '', 'geoCountry': 'US', 'weatherRef': '', 'customerType': 'Multifamily'}",LIVE,4,6,Flushing,Queens County,45.0
167,5,108242,,144000.0,,,,,America/New_York,"{'floors': '', 'm2fend': '', 'satend': '', 'sunend': '', 'geoCity': 'Depew', 'geoState': 'NY', 'm2fstart': '', 'satstart': '', 'sunstart': '', 'yearBuilt': '', 'geoCountry': 'US', 'weatherRef': '', 'customerType': 'Commercial Retail'}",LIVE,5,21,Depew,Erie County,55.0
160,5,108224,,144000.0,,,,,America/New_York,"{'floors': '', 'm2fend': '', 'satend': '', 'sunend': '', 'geoCity': 'Penfield', 'geoState': 'NY', 'm2fstart': '', 'satstart': '', 'sunstart': '', 'yearBuilt': '', 'geoCountry': 'US', 'weatherRef': '', 'customerType': 'Commercial Retail'}",LIVE,6,23,Penfield,Monroe County,55.0
174,5,126521,,250000.0,,,,,America/New_York,"{'floors': '', 'm2fend': '', 'satend': '', 'sunend': '', 'geoCity': 'New York', 'geoState': 'NY', 'm2fstart': '', 'satstart': '', 'sunstart': '', 'yearBuilt': '', 'geoCountry': 'US', 'weatherRef': '', 'customerType': 'Commercial Office'}",LIVE,22,234,New York,New York County,45.0
175,5,94418,,198057.0,,,,,America/New_York,"{'floors': '', 'm2fend': '23:00', 'satend': '23:00', 'sunend': '23:00', 'geoCity': 'Rochester', 'geoState': 'NY', 'm2fstart': '07:30', 'satstart': '07:30', 'sunstart': '07:30', 'yearBuilt': '', 'geoCountry': 'US', 'weatherRef': '', 'customerType': 'Commercial Retail'}",LIVE,7,19,Rochester,Monroe County,55.0
169,5,103622,,552860.0,,,,,America/New_York,"{'floors': '', 'm2fend': '', 'satend': '', 'sunend': '', 'geoCity': 'Brooklyn', 'geoState': 'NY', 'm2fstart': '', 'satstart': '', 'sunstart': '', 'yearBuilt': '', 'geoCountry': 'US', 'weatherRef': '', 'customerType': 'Multifamily'}",LIVE,20,81,Brooklyn,Kings County,45.0
164,5,80409,,56000.0,,,,,America/New_York,"{'floors': '', 'm2fend': '', 'satend': '', 'sunend': '', 'geoCity': 'Watertown', 'geoState': 'NY', 'm2fstart': '', 'satstart': '', 'sunstart': '', 'yearBuilt': '', 'geoCountry': 'US', 'weatherRef': '', 'customerType': 'Food/Beverage'}",LIVE,12,38,Watertown,Jefferson County,60.0
179,5,79792,,56000.0,,,,,America/New_York,"{'floors': '', 'm2fend': '', 'satend': '', 'sunend': '', 'geoCity': 'Poughkeepsie', 'geoState': 'NY', 'm2fstart': '', 'satstart': '', 'sunstart': '', 'yearBuilt': '', 'geoCountry': 'US', 'weatherRef': '', 'customerType': 'Food/Beverage'}",LIVE,11,36,Poughkeepsie,Dutchess County,55.0
197,5,136534,,75165.0,,,,,America/New_York,"{'floors': '', 'm2fend': '', 'satend': '', 'sunend': '', 'geoCity': 'New York', 'geoState': 'NY', 'm2fstart': '', 'satstart': '', 'sunstart': '', 'yearBuilt': '', 'geoCountry': 'US', 'weatherRef': '', 'customerType': 'Multifamily'}",LIVE,2,38,New York,New York County,45.0
139,5,114402,,9000.0,,,,,America/New_York,"{'floors': '', 'm2fend': '', 'satend': '', 'sunend': '', 'geoCity': 'Ossining', 'geoState': 'NY', 'm2fstart': '', 'satstart': '', 'sunstart': '', 'yearBuilt': '', 'geoCountry': 'US', 'weatherRef': '', 'customerType': 'Food/Beverage'}",LIVE,5,5,Ossining,Westchester County,45.0
192,5,99314,,274096.0,,,,,America/New_York,"{'floors': '', 'm2fend': '', 'satend': '', 'sunend': '', 'geoCity': 'Bronx', 'geoState': 'NY', 'm2fstart': '', 'satstart': '', 'sunstart': '', 'yearBuilt': '', 'geoCountry': 'US', 'weatherRef': '', 'customerType': 'Multifamily'}",LIVE,2,20,Bronx,Bronx County,45.0
194,5,86988,,1700000.0,,,,,America/New_York,"{'floors': '', 'm2fend': '', 'satend': '', 'sunend': '', 'geoCity': 'New York', 'geoState': 'NY', 'm2fstart': '', 'satstart': '', 'sunstart': '', 'yearBuilt': '', 'geoCountry': 'US', 'weatherRef': '', 'customerType': 'Commercial Office'}",LIVE,6,16,New York,New York County,45.0
177,5,108237,,144000.0,,,,,America/New_York,"{'floors': '', 'm2fend': '', 'satend': '', 'sunend': '', 'geoCity': 'Cheektowaga', 'geoState': 'NY', 'm2fstart': '', 'satstart': '', 'sunstart': '', 'yearBuilt': '', 'geoCountry': 'US', 'weatherRef': '', 'customerType': 'Commercial Retail'}",LIVE,7,38,Cheektowaga,Erie County,55.0
181,5,90423,,115020.0,,,,,America/New_York,"{'floors': '', 'm2fend': '', 'satend': '', 'sunend': '', 'geoCity': 'New York', 'geoState': 'NY', 'm2fstart': '', 'satstart': '', 'sunstart': '', 'yearBuilt': '', 'geoCountry': 'US', 'weatherRef': '', 'customerType': 'Multifamily'}",LIVE,53,113,New York,New York County,45.0
183,5,99317,,274096.0,,,,,America/New_York,"{'floors': '', 'm2fend': '', 'satend': '', 'sunend': '', 'geoCity': 'Bronx', 'geoState': 'NY', 'm2fstart': '', 'satstart': '', 'sunstart': '', 'yearBuilt': '', 'geoCountry': 'US', 'weatherRef': '', 'customerType': 'Multifamily'}",LIVE,2,30,Bronx,Bronx County,45.0
185,5,108594,,2486000.0,,,,,America/New_York,"{'floors': '', 'm2fend': '', 'satend': '', 'sunend': '', 'geoCity': 'New York', 'geoState': 'NY', 'm2fstart': '', 'satstart': '', 'sunstart': '', 'yearBuilt': '', 'geoCountry': 'US', 'weatherRef': '', 'customerType': 'Commercial Office'}",LIVE,26,209,New York,New York County,45.0
187,5,94420,,198057.0,,,,,America/New_York,"{'floors': '', 'm2fend': '23:00', 'satend': '23:00', 'sunend': '23:00', 'geoCity': 'Vestal', 'geoState': 'NY', 'm2fstart': '07:30', 'satstart': '07:30', 'sunstart': '07:30', 'yearBuilt': '', 'geoCountry': 'US', 'weatherRef': '', 'customerType': 'Commercial Retail'}",LIVE,8,24,Vestal,Broome County,60.0
188,5,108233,,144000.0,,,,,America/New_York,"{'floors': '', 'm2fend': '', 'satend': '', 'sunend': '', 'geoCity': 'Glenville', 'geoState': 'NY', 'm2fstart': '', 'satstart': '', 'sunstart': '', 'yearBuilt': '', 'geoCountry': 'US', 'weatherRef': '', 'customerType': 'Commercial Retail'}",LIVE,6,22,Glenville,Schenectady County,55.0
190,5,82295,,228690.0,,,,,America/New_York,"{'floors': '', 'm2fend': '15:00:00', 'satend': '', 'sunend': '', 'geoCity': 'Amsterdam', 'geoState': 'NY', 'm2fstart': '05:30:00', 'satstart': '', 'sunstart': '', 'yearBuilt': '', 'geoCountry': 'US', 'weatherRef': '', 'customerType': 'K-12 School'}",LIVE,110,777,Amsterdam,Montgomery County,60.0
180,5,112065,,12285.0,,,,,America/New_York,"{'floors': '', 'm2fend': '', 'satend': '', 'sunend': '', 'geoCity': 'Brooklyn', 'geoState': 'NY', 'm2fstart': '', 'satstart': '', 'sunstart': '', 'yearBuilt': '', 'geoCountry': 'US', 'weatherRef': '', 'customerType': 'Multifamily'}",LIVE,4,49,Brooklyn,Kings County,45.0
206,5,89090,,789079.0,,,,,America/New_York,"{'floors': '', 'm2fend': '', 'satend': '', 'sunend': '', 'geoCity': 'Bayside', 'geoState': 'NY', 'm2fstart': '', 'satstart': '', 'sunstart': '', 'yearBuilt': '', 'geoCountry': 'US', 'weatherRef': '', 'customerType': 'Multifamily'}",LIVE,5,7,Bayside,Queens County,45.0
207,5,93944,,44627.0,,,,,America/New_York,"{'floors': '', 'm2fend': '', 'satend': '', 'sunend': '', 'geoCity': 'New York', 'geoState': 'NY', 'm2fstart': '', 'satstart': '', 'sunstart': '', 'yearBuilt': '', 'geoCountry': 'US', 'weatherRef': '', 'customerType': 'Commercial Retail'}",LIVE,34,70,New York,New York County,45.0
201,5,96582,,259000.0,,,,,America/New_York,"{'floors': '', 'm2fend': '22:00:00', 'satend': '19:00:00', 'sunend': '19:00:00', 'geoCity': 'Guilderland', 'geoState': 'NY', 'm2fstart': '05:00:00', 'satstart': '06:30:00', 'sunstart': '06:30:00', 'yearBuilt': '', 'geoCountry': 'US', 'weatherRef': '', 'customerType': 'Not For Profit'}",LIVE,8,283,Guilderland,Albany County,55.0
202,5,96581,,259000.0,,,,,America/New_York,"{'floors': '', 'm2fend': '22:00:00', 'satend': '19:00:00', 'sunend': '19:00:00', 'geoCity': 'East Greenbush', 'geoState': 'NY', 'm2fstart': '05:00:00', 'satstart': '06:30:00', 'sunstart': '06:30:00', 'yearBuilt': '', 'geoCountry': 'US', 'weatherRef': '', 'customerType': 'Not For Profit'}",LIVE,13,379,East Greenbush,Rensselaer County,55.0
205,5,114400,,8500.0,,,,,America/New_York,"{'floors': '', 'm2fend': '', 'satend': '', 'sunend': '', 'geoCity': 'Thornwood', 'geoState': 'NY', 'm2fstart': '', 'satstart': '', 'sunstart': '', 'yearBuilt': '', 'geoCountry': 'US', 'weatherRef': '', 'customerType': 'Food/Beverage'}",LIVE,7,7,Thornwood,Westchester County,45.0
210,5,94406,,198057.0,,,,,America/New_York,"{'floors': '', 'm2fend': '23:00', 'satend': '23:00', 'sunend': '23:00', 'geoCity': 'Saratoga Springs', 'geoState': 'NY', 'm2fstart': '07:30', 'satstart': '07:30', 'sunstart': '07:30', 'yearBuilt': '', 'geoCountry': 'US', 'weatherRef': '', 'customerType': 'Commercial Retail'}",LIVE,7,28,Saratoga Springs,Saratoga County,55.0
215,5,89096,,789079.0,,,,,America/New_York,"{'floors': '', 'm2fend': '', 'satend': '', 'sunend': '', 'geoCity': 'Flushing', 'geoState': 'NY', 'm2fstart': '', 'satstart': '', 'sunstart': '', 'yearBuilt': '', 'geoCountry': 'US', 'weatherRef': '', 'customerType': 'Multifamily'}",LIVE,2,23,Flushing,Queens County,45.0
216,5,99313,,274096.0,,,,,America/New_York,"{'floors': '', 'm2fend': '', 'satend': '', 'sunend': '', 'geoCity': 'Bronx', 'geoState': 'NY', 'm2fstart': '', 'satstart': '', 'sunstart': '', 'yearBuilt': '', 'geoCountry': 'US', 'weatherRef': '', 'customerType': 'Multifamily'}",LIVE,2,43,Bronx,Bronx County,45.0
220,5,94407,,198057.0,,,,,America/New_York,"{'floors': '', 'm2fend': '23:00', 'satend': '23:00', 'sunend': '23:00', 'geoCity': 'Cicero', 'geoState': 'NY', 'm2fstart': '07:30', 'satstart': '07:30', 'sunstart': '07:30', 'yearBuilt': '', 'geoCountry': 'US', 'weatherRef': '', 'customerType': 'Commercial Retail'}",LIVE,8,24,Cicero,Onondaga County,55.0
224,5,99316,,274096.0,,,,,America/New_York,"{'floors': '', 'm2fend': '', 'satend': '', 'sunend': '', 'geoCity': 'Bronx', 'geoState': 'NY', 'm2fstart': '', 'satstart': '', 'sunstart': '', 'yearBuilt': '', 'geoCountry': 'US', 'weatherRef': '', 'customerType': 'Multifamily'}",LIVE,2,25,Bronx,Bronx County,45.0
225,5,94404,,198057.0,,,,,America/New_York,"{'floors': '', 'm2fend': '23:00', 'satend': '23:00', 'sunend': '23:00', 'geoCity': 'Horseheads', 'geoState': 'NY', 'm2fstart': '07:30', 'satstart': '07:30', 'sunstart': '07:30', 'yearBuilt': '', 'geoCountry': 'US', 'weatherRef': '', 'customerType': 'Commercial Retail'}",LIVE,8,24,Horseheads,Chemung County,55.0
226,5,108226,,144000.0,,,,,America/New_York,"{'floors': '', 'm2fend': '', 'satend': '', 'sunend': '', 'geoCity': 'New Hartford', 'geoState': 'NY', 'm2fstart': '', 'satstart': '', 'sunstart': '', 'yearBuilt': '', 'geoCountry': 'US', 'weatherRef': '', 'customerType': 'Commercial Retail'}",LIVE,6,31,New Hartford,Oneida County,60.0
236,5,108230,,144000.0,,,,,America/New_York,"{'floors': '', 'm2fend': '', 'satend': '', 'sunend': '', 'geoCity': 'Cicero', 'geoState': 'NY', 'm2fstart': '', 'satstart': '', 'sunstart': '', 'yearBuilt': '', 'geoCountry': 'US', 'weatherRef': '', 'customerType': 'Commercial Retail'}",LIVE,7,28,Cicero,Onondaga County,55.0
234,5,97171,,121758.0,,,,,America/New_York,"{'floors': '', 'm2fend': '', 'satend': '', 'sunend': '', 'geoCity': 'New York', 'geoState': 'NY', 'm2fstart': '', 'satstart': '', 'sunstart': '', 'yearBuilt': '', 'geoCountry': 'US', 'weatherRef': '', 'customerType': 'Commercial Office'}",LIVE,16,21,New York,New York County,45.0
232,5,99291,,50000.0,,,,,America/New_York,"{'floors': '', 'm2fend': '', 'satend': '', 'sunend': '', 'geoCity': 'Mamaroneck', 'geoState': 'NY', 'm2fstart': '', 'satstart': '', 'sunstart': '', 'yearBuilt': '', 'geoCountry': 'US', 'weatherRef': '', 'customerType': 'Multifamily'}",LIVE,4,47,Mamaroneck,Westchester County,45.0
246,5,116875,,360000.0,,,,,America/New_York,"{'floors': '', 'm2fend': '', 'satend': '', 'sunend': '', 'geoCity': 'New York', 'geoState': 'NY', 'm2fstart': '', 'satstart': '', 'sunstart': '', 'yearBuilt': '', 'geoCountry': 'US', 'weatherRef': '', 'customerType': 'Commercial Office'}",LIVE,5,46,New York,New York County,45.0
250,5,89763,,120721.0,,,,,America/New_York,"{'floors': '', 'm2fend': '', 'satend': '', 'sunend': '', 'geoCity': 'New York', 'geoState': 'NY', 'm2fstart': '', 'satstart': '', 'sunstart': '', 'yearBuilt': '', 'geoCountry': 'US', 'weatherRef': '', 'customerType': 'Multifamily'}",LIVE,3,3,New York,New York County,45.0
252,5,94403,,198057.0,,,,,America/New_York,"{'floors': '', 'm2fend': '23:00', 'satend': '23:00', 'sunend': '23:00', 'geoCity': 'Brooklyn', 'geoState': 'NY', 'm2fstart': '07:30', 'satstart': '07:30', 'sunstart': '07:30', 'yearBuilt': '', 'geoCountry': 'US', 'weatherRef': '', 'customerType': 'Commercial Retail'}",LIVE,8,20,Brooklyn,Kings County,45.0
253,5,89094,,789079.0,,,,,America/New_York,"{'floors': '', 'm2fend': '', 'satend': '', 'sunend': '', 'geoCity': 'Flushing', 'geoState': 'NY', 'm2fstart': '', 'satstart': '', 'sunstart': '', 'yearBuilt': '', 'geoCountry': 'US', 'weatherRef': '', 'customerType': 'Multifamily'}",LIVE,3,5,Flushing,Queens County,45.0
256,5,135785,,1993000.0,,,,,America/New_York,"{'floors': '', 'm2fend': '', 'satend': '', 'sunend': '', 'geoCity': 'Pearl River', 'geoState': 'NY', 'm2fstart': '', 'satstart': '', 'sunstart': '', 'yearBuilt': '', 'geoCountry': 'US', 'weatherRef': '', 'customerType': 'Manufacturing'}",LIVE,3,30,Pearl River,Rockland County,55.0
247,5,92495,,47040.0,,,,,America/New_York,"{'floors': '', 'm2fend': '', 'satend': '', 'sunend': '', 'geoCity': 'New York', 'geoState': 'NY', 'm2fstart': '', 'satstart': '', 'sunstart': '', 'yearBuilt': '', 'geoCountry': 'US', 'weatherRef': '', 'customerType': 'Healthcare'}",LIVE,13,51,New York,New York County,45.0
259,5,82294,,228690.0,,,,,America/New_York,"{'floors': '', 'm2fend': '15:00:00', 'satend': '', 'sunend': '', 'geoCity': 'Broadalbin', 'geoState': 'NY', 'm2fstart': '05:30:00', 'satstart': '', 'sunstart': '', 'yearBuilt': '', 'geoCountry': 'US', 'weatherRef': '', 'customerType': 'K-12 School'}",LIVE,218,1681,Broadalbin,Fulton County,60.0
242,5,77738,,364000.0,,,,,America/New_York,"{'floors': '22', 'm2fend': '', 'satend': '', 'sunend': '', 'geoCity': 'New York', 'geoState': 'NY', 'm2fstart': '', 'satstart': '', 'sunstart': '', 'yearBuilt': '', 'geoCountry': 'US', 'weatherRef': '', 'customerType': 'Commercial Office'}",LIVE,4,14,New York,New York County,45.0
263,5,133602,,88800.0,,,,,America/New_York,"{'floors': '', 'm2fend': '', 'satend': '', 'sunend': '', 'geoCity': 'Port Chester', 'geoState': 'NY', 'm2fstart': '', 'satstart': '', 'sunstart': '', 'yearBuilt': '', 'geoCountry': 'US', 'weatherRef': '', 'customerType': 'Multifamily'}",LIVE,2,64,Port Chester,Westchester County,45.0
264,5,108229,,144000.0,,,,,America/New_York,"{'floors': '', 'm2fend': '', 'satend': '', 'sunend': '', 'geoCity': 'Rochester', 'geoState': 'NY', 'm2fstart': '', 'satstart': '', 'sunstart': '', 'yearBuilt': '', 'geoCountry': 'US', 'weatherRef': '', 'customerType': 'Commercial Retail'}",LIVE,4,17,Rochester,Monroe County,55.0
272,5,89093,,789079.0,,,,,America/New_York,"{'floors': '', 'm2fend': '', 'satend': '', 'sunend': '', 'geoCity': 'Flushing', 'geoState': 'NY', 'm2fstart': '', 'satstart': '', 'sunstart': '', 'yearBuilt': '', 'geoCountry': 'US', 'weatherRef': '', 'customerType': 'Multifamily'}",LIVE,2,19,Flushing,Queens County,45.0
274,5,108236,,144000.0,,,,,America/New_York,"{'floors': '', 'm2fend': '', 'satend': '', 'sunend': '', 'geoCity': 'West Seneca', 'geoState': 'NY', 'm2fstart': '', 'satstart': '', 'sunstart': '', 'yearBuilt': '', 'geoCountry': 'US', 'weatherRef': '', 'customerType': 'Commercial Retail'}",LIVE,7,38,West Seneca,Erie County,55.0
275,5,118981,,522000.0,,,,,America/New_York,"{'floors': '', 'm2fend': '', 'satend': '', 'sunend': '', 'geoCity': 'New York', 'geoState': 'NY', 'm2fstart': '', 'satstart': '', 'sunstart': '', 'yearBuilt': '', 'geoCountry': 'US', 'weatherRef': '', 'customerType': 'Commercial Office'}",LIVE,6,9,New York,New York County,45.0
277,5,94410,,198057.0,,,,,America/New_York,"{'floors': '', 'm2fend': '23:00', 'satend': '23:00', 'sunend': '23:00', 'geoCity': 'Latham', 'geoState': 'NY', 'm2fstart': '07:30', 'satstart': '07:30', 'sunstart': '07:30', 'yearBuilt': '', 'geoCountry': 'US', 'weatherRef': '', 'customerType': 'Commercial Retail'}",LIVE,6,22,Latham,Albany County,55.0
278,5,125541,,31220.0,,,,,America/New_York,"{'floors': '', 'm2fend': '', 'satend': '', 'sunend': '', 'geoCity': 'Manhattan', 'geoState': 'NY', 'm2fstart': '', 'satstart': '', 'sunstart': '', 'yearBuilt': '', 'geoCountry': 'US', 'weatherRef': '', 'customerType': 'Multifamily'}",LIVE,5,38,Manhattan,New York County,45.0
282,5,80413,,56000.0,,,,,America/New_York,"{'floors': '', 'm2fend': '', 'satend': '', 'sunend': '', 'geoCity': 'Ithaca', 'geoState': 'NY', 'm2fstart': '', 'satstart': '', 'sunstart': '', 'yearBuilt': '', 'geoCountry': 'US', 'weatherRef': '', 'customerType': 'Food/Beverage'}",LIVE,12,37,Ithaca,Tompkins County,60.0
265,5,95843,,,,,,,America/New_York,"{'floors': '', 'm2fend': '', 'satend': '', 'sunend': '', 'geoCity': 'Saratoga Springs', 'geoState': 'NY', 'm2fstart': '', 'satstart': '', 'sunstart': '', 'yearBuilt': '', 'geoCountry': 'US', 'weatherRef': '', 'customerType': ''}",LIVE,5,5,Saratoga Springs,Saratoga County,55.0
286,5,85492,,900000.0,,,,,America/New_York,"{'floors': '', 'm2fend': '', 'satend': '', 'sunend': '', 'geoCity': 'New York', 'geoState': 'NY', 'm2fstart': '', 'satstart': '', 'sunstart': '', 'yearBuilt': '', 'geoCountry': 'US', 'weatherRef': '', 'customerType': 'Commercial Office'}",LIVE,54,1183,New York,New York County,45.0
288,5,85918,,100000.0,,,,,America/New_York,"{'floors': '', 'm2fend': '', 'satend': '', 'sunend': '', 'geoCity': 'Brooklyn', 'geoState': 'NY', 'm2fstart': '', 'satstart': '', 'sunstart': '', 'yearBuilt': '', 'geoCountry': 'US', 'weatherRef': '', 'customerType': 'Commercial Retail'}",LIVE,14,332,Brooklyn,Kings County,45.0
294,5,108223,,144000.0,,,,,America/New_York,"{'floors': '', 'm2fend': '', 'satend': '', 'sunend': '', 'geoCity': 'Fishkill', 'geoState': 'NY', 'm2fstart': '', 'satstart': '', 'sunstart': '', 'yearBuilt': '', 'geoCountry': 'US', 'weatherRef': '', 'customerType': 'Commercial Retail'}",LIVE,7,38,Fishkill,Dutchess County,55.0
298,5,125920,,42000.0,,,,,America/New_York,"{'floors': '', 'm2fend': '', 'satend': '', 'sunend': '', 'geoCity': 'Bronx', 'geoState': 'NY', 'm2fstart': '', 'satstart': '', 'sunstart': '', 'yearBuilt': '', 'geoCountry': 'US', 'weatherRef': '', 'customerType': 'Multifamily'}",LIVE,6,35,Bronx,Bronx County,45.0
301,5,99466,,250000.0,,,,,America/New_York,"{'floors': '', 'm2fend': '', 'satend': '', 'sunend': '', 'geoCity': 'New York', 'geoState': 'NY', 'm2fstart': '', 'satstart': '', 'sunstart': '', 'yearBuilt': '', 'geoCountry': 'US', 'weatherRef': '', 'customerType': 'Multifamily'}",LIVE,7,22,New York,New York County,45.0
302,5,92409,,625844.0,,,,,America/New_York,"{'floors': '', 'm2fend': '', 'satend': '', 'sunend': '', 'geoCity': 'New York', 'geoState': 'NY', 'm2fstart': '', 'satstart': '', 'sunstart': '', 'yearBuilt': '', 'geoCountry': 'US', 'weatherRef': '', 'customerType': 'Hospitality'}",LIVE,21,146,New York,New York County,45.0
307,5,80412,,56000.0,,,,,America/New_York,"{'floors': '', 'm2fend': '', 'satend': '', 'sunend': '', 'geoCity': 'Rochester', 'geoState': 'NY', 'm2fstart': '', 'satstart': '', 'sunstart': '', 'yearBuilt': '', 'geoCountry': 'US', 'weatherRef': '', 'customerType': 'Food/Beverage'}",LIVE,12,47,Rochester,Monroe County,55.0
311,5,124522,,390000.0,,,,,America/New_York,"{'floors': '', 'm2fend': '', 'satend': '', 'sunend': '', 'geoCity': 'New York', 'geoState': 'NY', 'm2fstart': '', 'satstart': '', 'sunstart': '', 'yearBuilt': '', 'geoCountry': 'US', 'weatherRef': '', 'customerType': 'Healthcare'}",LIVE,25,221,New York,New York County,45.0
313,5,90425,,115860.0,,,,,America/New_York,"{'floors': '', 'm2fend': '', 'satend': '', 'sunend': '', 'geoCity': 'New York', 'geoState': 'NY', 'm2fstart': '', 'satstart': '', 'sunstart': '', 'yearBuilt': '', 'geoCountry': 'US', 'weatherRef': '', 'customerType': 'Multifamily'}",LIVE,4,98,New York,New York County,45.0
296,5,68983,,367995.0,,,,,America/New_York,"{'floors': '15', 'm2fend': '', 'satend': '', 'sunend': '', 'geoCity': 'New York', 'geoState': 'NY', 'm2fstart': '', 'satstart': '', 'sunstart': '', 'yearBuilt': '2012', 'geoCountry': 'US', 'weatherRef': '', 'customerType': 'Healthcare'}",LIVE,25,75,New York,New York County,45.0
324,5,96512,,145079.0,,,,,America/New_York,"{'floors': '', 'm2fend': '', 'satend': '', 'sunend': '', 'geoCity': 'Bronx', 'geoState': 'NY', 'm2fstart': '', 'satstart': '', 'sunstart': '', 'yearBuilt': '', 'geoCountry': 'US', 'weatherRef': '', 'customerType': 'Food/Beverage'}",LIVE,53,1108,Bronx,Bronx County,45.0
326,5,138707,,11500.0,,,,,America/New_York,"{'floors': '', 'm2fend': '', 'satend': '', 'sunend': '', 'geoCity': 'New York', 'geoState': 'NY', 'm2fstart': '', 'satstart': '', 'sunstart': '', 'yearBuilt': '', 'geoCountry': 'US', 'weatherRef': '', 'customerType': 'Multifamily'}",LIVE,3,31,New York,New York County,45.0
327,5,94396,,198057.0,,,,,America/New_York,"{'floors': '', 'm2fend': '23:00', 'satend': '23:00', 'sunend': '23:00', 'geoCity': 'Mohegan Lake', 'geoState': 'NY', 'm2fstart': '07:30', 'satstart': '07:30', 'sunstart': '07:30', 'yearBuilt': '', 'geoCountry': 'US', 'weatherRef': '', 'customerType': 'Commercial Retail'}",LIVE,6,12,Mohegan Lake,Westchester County,45.0
330,5,104435,,200000.0,,,,,America/New_York,"{'floors': '', 'm2fend': '', 'satend': '', 'sunend': '', 'geoCity': 'Valhalla', 'geoState': 'NY', 'm2fstart': '', 'satstart': '', 'sunstart': '', 'yearBuilt': '', 'geoCountry': 'US', 'weatherRef': '', 'customerType': 'College/University'}",LIVE,11,89,Valhalla,Westchester County,45.0
332,5,90275,,120000.0,,,,,America/New_York,"{'floors': '', 'm2fend': '', 'satend': '', 'sunend': '', 'geoCity': 'New York', 'geoState': 'NY', 'm2fstart': '', 'satstart': '', 'sunstart': '', 'yearBuilt': '', 'geoCountry': 'US', 'weatherRef': '', 'customerType': 'Commercial Retail'}",LIVE,4,7,New York,New York County,45.0
341,5,99318,,274096.0,,,,,America/New_York,"{'floors': '', 'm2fend': '', 'satend': '', 'sunend': '', 'geoCity': 'Bronx', 'geoState': 'NY', 'm2fstart': '', 'satstart': '', 'sunstart': '', 'yearBuilt': '', 'geoCountry': 'US', 'weatherRef': '', 'customerType': 'Multifamily'}",LIVE,2,27,Bronx,Bronx County,45.0
349,5,132641,,90000.0,,,,,America/New_York,"{'floors': '', 'm2fend': '', 'satend': '', 'sunend': '', 'geoCity': 'Mount Vernon', 'geoState': 'NY', 'm2fstart': '', 'satstart': '', 'sunstart': '', 'yearBuilt': '', 'geoCountry': 'US', 'weatherRef': '', 'customerType': 'Multifamily'}",LIVE,3,61,Mount Vernon,Westchester County,45.0
350,5,94424,,198057.0,,,,,America/New_York,"{'floors': '', 'm2fend': '23:00', 'satend': '23:00', 'sunend': '23:00', 'geoCity': 'Syracuse', 'geoState': 'NY', 'm2fstart': '07:30', 'satstart': '07:30', 'sunstart': '07:30', 'yearBuilt': '', 'geoCountry': 'US', 'weatherRef': '', 'customerType': 'Commercial Retail'}",LIVE,7,19,Syracuse,Onondaga County,55.0
354,5,82140,,373700.0,,,,,America/New_York,"{'floors': '', 'm2fend': '16:00:00', 'satend': '', 'sunend': '20:30:00', 'geoCity': 'Hudson', 'geoState': 'NY', 'm2fstart': '06:30:00', 'satstart': '', 'sunstart': '10:00:00', 'yearBuilt': '', 'geoCountry': 'US', 'weatherRef': '', 'customerType': 'K-12 School'}",LIVE,197,2507,Hudson,Columbia County,55.0
361,5,108222,,144000.0,,,,,America/New_York,"{'floors': '', 'm2fend': '', 'satend': '', 'sunend': '', 'geoCity': 'Greece', 'geoState': 'NY', 'm2fstart': '', 'satstart': '', 'sunstart': '', 'yearBuilt': '', 'geoCountry': 'US', 'weatherRef': '', 'customerType': 'Commercial Retail'}",LIVE,5,20,Greece,Monroe County,55.0
372,5,94405,,198057.0,,,,,America/New_York,"{'floors': '', 'm2fend': '23:00', 'satend': '23:00', 'sunend': '23:00', 'geoCity': 'Johnson City', 'geoState': 'NY', 'm2fstart': '07:30', 'satstart': '07:30', 'sunstart': '07:30', 'yearBuilt': '', 'geoCountry': 'US', 'weatherRef': '', 'customerType': 'Commercial Retail'}",LIVE,6,14,Johnson City,Broome County,60.0
371,5,95480,,176584.0,,,,,America/New_York,"{'floors': '', 'm2fend': '', 'satend': '', 'sunend': '', 'geoCity': 'New York', 'geoState': 'NY', 'm2fstart': '', 'satstart': '', 'sunstart': '', 'yearBuilt': '', 'geoCountry': 'US', 'weatherRef': '', 'customerType': 'Multifamily'}",LIVE,7,64,New York,New York County,45.0
378,5,96583,,259000.0,,,,,America/New_York,"{'floors': '', 'm2fend': '22:00:00', 'satend': '19:00:00', 'sunend': '19:00:00', 'geoCity': 'Clifton Park', 'geoState': 'NY', 'm2fstart': '05:00:00', 'satstart': '06:30:00', 'sunstart': '06:30:00', 'yearBuilt': '', 'geoCountry': 'US', 'weatherRef': '', 'customerType': 'Not For Profit'}",LIVE,19,444,Clifton Park,Saratoga County,55.0
380,5,80411,,56000.0,,,,,America/New_York,"{'floors': '', 'm2fend': '', 'satend': '', 'sunend': '', 'geoCity': 'Horseheads', 'geoState': 'NY', 'm2fstart': '', 'satstart': '', 'sunstart': '', 'yearBuilt': '', 'geoCountry': 'US', 'weatherRef': '', 'customerType': 'Food/Beverage'}",LIVE,12,49,Horseheads,Chemung County,55.0
381,5,117228,,156250.0,,,,,America/New_York,"{'floors': '', 'm2fend': '', 'satend': '', 'sunend': '', 'geoCity': 'Brooklyn', 'geoState': 'NY', 'm2fstart': '', 'satstart': '', 'sunstart': '', 'yearBuilt': '', 'geoCountry': 'US', 'weatherRef': '', 'customerType': 'Multifamily'}",LIVE,3,8,Brooklyn,Kings County,45.0
396,5,91480,,22747.0,,,,,America/New_York,"{'floors': '', 'm2fend': '', 'satend': '', 'sunend': '', 'geoCity': 'Brooklyn', 'geoState': 'NY', 'm2fstart': '', 'satstart': '', 'sunstart': '', 'yearBuilt': '', 'geoCountry': 'US', 'weatherRef': '', 'customerType': 'Hospitality'}",LIVE,22,272,Brooklyn,Kings County,45.0
357,5,129887,,150000.0,,,,,America/New_York,"{'floors': '', 'm2fend': '', 'satend': '', 'sunend': '', 'geoCity': 'Mamaroneck', 'geoState': 'NY', 'm2fstart': '', 'satstart': '', 'sunstart': '', 'yearBuilt': '', 'geoCountry': 'US', 'weatherRef': '', 'customerType': 'Multifamily'}",LIVE,6,53,Mamaroneck,Westchester County,45.0
386,5,94421,,198057.0,,,,,America/New_York,"{'floors': '', 'm2fend': '23:00', 'satend': '23:00', 'sunend': '23:00', 'geoCity': 'Kingston', 'geoState': 'NY', 'm2fstart': '07:30', 'satstart': '07:30', 'sunstart': '07:30', 'yearBuilt': '', 'geoCountry': 'US', 'weatherRef': '', 'customerType': 'Commercial Retail'}",LIVE,9,29,Kingston,Ulster County,60.0
387,5,96580,,259000.0,,,,,America/New_York,"{'floors': '', 'm2fend': '22:00:00', 'satend': '19:00:00', 'sunend': '19:00:00', 'geoCity': 'Delmar', 'geoState': 'NY', 'm2fstart': '05:00:00', 'satstart': '06:30:00', 'sunstart': '06:30:00', 'yearBuilt': '', 'geoCountry': 'US', 'weatherRef': '', 'customerType': 'Not For Profit'}",LIVE,38,713,Delmar,Albany County,55.0
389,5,68985,,338424.0,,,,,America/New_York,"{'floors': '', 'm2fend': '00:00', 'satend': '00:00', 'sunend': '00:00', 'geoCity': 'New York', 'geoState': 'New York', 'm2fstart': '00:00', 'satstart': '00:00', 'sunstart': '00:00', 'yearBuilt': '1979', 'geoCountry': 'US', 'weatherRef': '', 'customerType': 'Healthcare'}",LIVE,24,384,New York,New York County,45.0
390,5,114399,,8500.0,,,,,America/New_York,"{'floors': '', 'm2fend': '', 'satend': '', 'sunend': '', 'geoCity': 'Bedford Hills', 'geoState': 'NY', 'm2fstart': '', 'satstart': '', 'sunstart': '', 'yearBuilt': '', 'geoCountry': 'US', 'weatherRef': '', 'customerType': 'Food/Beverage'}",LIVE,5,5,Bedford Hills,Westchester County,45.0
391,5,123698,,350000.0,,,,,America/New_York,"{'floors': '', 'm2fend': '', 'satend': '', 'sunend': '', 'geoCity': 'New York', 'geoState': 'NY', 'm2fstart': '', 'satstart': '', 'sunstart': '', 'yearBuilt': '', 'geoCountry': 'US', 'weatherRef': '', 'customerType': 'Healthcare'}",LIVE,35,245,New York,New York County,45.0
392,5,127525,,399613.0,,,,,America/New_York,"{'floors': '', 'm2fend': '', 'satend': '', 'sunend': '', 'geoCity': 'New York', 'geoState': 'NY', 'm2fstart': '', 'satstart': '', 'sunstart': '', 'yearBuilt': '', 'geoCountry': 'US', 'weatherRef': '', 'customerType': 'Commercial Office'}",LIVE,6,14,New York,New York County,45.0
394,5,80880,,725000.0,,,,,America/New_York,"{'floors': '', 'm2fend': '18:00:00', 'satend': '18:00:00', 'sunend': '18:00:00', 'geoCity': 'New York', 'geoState': 'NY', 'm2fstart': '06:00:00', 'satstart': '06:00:00', 'sunstart': '06:00:00', 'yearBuilt': '', 'geoCountry': 'US', 'weatherRef': '', 'customerType': 'Commercial Office'}",LIVE,59,386,New York,New York County,45.0
393,5,145147,,1100000.0,,,,,America/New_York,"{'floors': '', 'm2fend': '', 'satend': '', 'sunend': '', 'geoCity': 'New York', 'geoState': 'NY', 'm2fstart': '', 'satstart': '', 'sunstart': '', 'yearBuilt': '', 'geoCountry': 'US', 'weatherRef': '', 'customerType': 'Commercial Office'}",LIVE,5,12,New York,New York County,45.0
384,5,111478,,1040873.0,,,,,America/New_York,"{'floors': '', 'm2fend': '', 'satend': '', 'sunend': '', 'geoCity': 'New York', 'geoState': 'NY', 'm2fstart': '', 'satstart': '', 'sunstart': '', 'yearBuilt': '', 'geoCountry': 'US', 'weatherRef': '', 'customerType': 'Multifamily'}",LIVE,84,168,New York,New York County,45.0
123,5,82176,,330000.0,,,,,America/New_York,"{'floors': '9', 'm2fend': '', 'satend': '', 'sunend': '', 'geoCity': 'New York', 'geoState': 'NY', 'm2fstart': '', 'satstart': '', 'sunstart': '', 'yearBuilt': '', 'geoCountry': 'US', 'weatherRef': '', 'customerType': 'Commercial Retail'}",LIVE,39,45,New York,New York County,45.0
154,5,90200,,357297.0,,,,,America/New_York,"{'floors': '', 'm2fend': '', 'satend': '', 'sunend': '', 'geoCity': 'New York', 'geoState': 'NY', 'm2fstart': '', 'satstart': '', 'sunstart': '', 'yearBuilt': '', 'geoCountry': 'US', 'weatherRef': '', 'customerType': 'Multifamily'}",LIVE,8,26,New York,New York County,45.0
155,5,108238,,144000.0,,,,,America/New_York,"{'floors': '', 'm2fend': '', 'satend': '', 'sunend': '', 'geoCity': 'Troy', 'geoState': 'NY', 'm2fstart': '', 'satstart': '', 'sunstart': '', 'yearBuilt': '', 'geoCountry': 'US', 'weatherRef': '', 'customerType': 'Commercial Retail'}",LIVE,9,24,Troy,Rensselaer County,55.0
157,5,79791,,56000.0,,,,,America/New_York,"{'floors': '', 'm2fend': '', 'satend': '', 'sunend': '', 'geoCity': 'Syracuse', 'geoState': 'NY', 'm2fstart': '', 'satstart': '', 'sunstart': '', 'yearBuilt': '', 'geoCountry': 'US', 'weatherRef': '', 'customerType': 'Food/Beverage'}",LIVE,13,35,Syracuse,Onondaga County,55.0
158,5,114403,,9000.0,,,,,America/New_York,"{'floors': '', 'm2fend': '', 'satend': '', 'sunend': '', 'geoCity': 'Tarrytown', 'geoState': 'NY', 'm2fstart': '', 'satstart': '', 'sunstart': '', 'yearBuilt': '', 'geoCountry': 'US', 'weatherRef': '', 'customerType': 'Food/Beverage'}",LIVE,5,5,Tarrytown,Westchester County,45.0
166,5,94423,,198057.0,,,,,America/New_York,"{'floors': '', 'm2fend': '23:00', 'satend': '23:00', 'sunend': '23:00', 'geoCity': 'Batavia', 'geoState': 'NY', 'm2fstart': '07:30', 'satstart': '07:30', 'sunstart': '07:30', 'yearBuilt': '', 'geoCountry': 'US', 'weatherRef': '', 'customerType': 'Commercial Retail'}",LIVE,7,19,Batavia,Genesee County,55.0
184,5,108764,,52782.0,,,,,America/New_York,"{'floors': '', 'm2fend': '', 'satend': '', 'sunend': '', 'geoCity': 'Manhattan', 'geoState': 'NY', 'm2fstart': '', 'satstart': '', 'sunstart': '', 'yearBuilt': '', 'geoCountry': 'US', 'weatherRef': '', 'customerType': 'Multifamily'}",LIVE,3,34,Manhattan,New York County,45.0
214,5,97593,,12000.0,,,,,America/New_York,"{'floors': '', 'm2fend': '', 'satend': '', 'sunend': '', 'geoCity': 'New York', 'geoState': 'NY', 'm2fstart': '', 'satstart': '', 'sunstart': '', 'yearBuilt': '', 'geoCountry': 'US', 'weatherRef': '', 'customerType': 'Multifamily'}",LIVE,4,72,New York,New York County,45.0
239,5,86468,,450000.0,,,,,America/New_York,"{'floors': '', 'm2fend': '', 'satend': '', 'sunend': '', 'geoCity': 'Bronx', 'geoState': 'NY', 'm2fstart': '', 'satstart': '', 'sunstart': '', 'yearBuilt': '', 'geoCountry': 'US', 'weatherRef': '', 'customerType': 'K-12 School'}",LIVE,11,24,Bronx,Bronx County,45.0
260,5,108227,,144000.0,,,,,America/New_York,"{'floors': '', 'm2fend': '', 'satend': '', 'sunend': '', 'geoCity': 'Rome', 'geoState': 'NY', 'm2fstart': '', 'satstart': '', 'sunstart': '', 'yearBuilt': '', 'geoCountry': 'US', 'weatherRef': '', 'customerType': 'Commercial Retail'}",LIVE,8,34,Rome,Oneida County,60.0
316,5,108232,,144000.0,,,,,America/New_York,"{'floors': '', 'm2fend': '', 'satend': '', 'sunend': '', 'geoCity': 'Blasdell', 'geoState': 'NY', 'm2fstart': '', 'satstart': '', 'sunstart': '', 'yearBuilt': '', 'geoCountry': 'US', 'weatherRef': '', 'customerType': 'Commercial Retail'}",LIVE,36,59,Blasdell,Erie County,55.0
353,5,94413,,198057.0,,,,,America/New_York,"{'floors': '', 'm2fend': '23:00', 'satend': '23:00', 'sunend': '23:00', 'geoCity': 'Henrietta', 'geoState': 'NY', 'm2fstart': '07:30', 'satstart': '07:30', 'sunstart': '07:30', 'yearBuilt': '', 'geoCountry': 'US', 'weatherRef': '', 'customerType': 'Commercial Retail'}",LIVE,7,19,Henrietta,Monroe County,55.0
370,5,95457,,421316.0,,,,,America/New_York,"{'floors': '', 'm2fend': '', 'satend': '', 'sunend': '', 'geoCity': 'New York', 'geoState': 'NY', 'm2fstart': '', 'satstart': '', 'sunstart': '', 'yearBuilt': '', 'geoCountry': 'US', 'weatherRef': '', 'customerType': 'Hospitality'}",LIVE,5,22,New York,New York County,45.0
383,5,79528,,75000.0,,,,,America/New_York,"{'floors': '4', 'm2fend': '20:00:00', 'geoCity': 'Purchase', 'geoState': 'New York', 'm2fstart': '04:00:00', 'yearBuilt': '1971', 'geoCountry': 'US', 'customerType': 'Commercial Office'}",LIVE,11,362,Purchase,Westchester County,45.0
398,5,109188,,860000.0,,,,,America/New_York,"{'floors': '', 'm2fend': '', 'satend': '', 'sunend': '', 'geoCity': 'New York', 'geoState': 'NY', 'm2fstart': '', 'satstart': '', 'sunstart': '', 'yearBuilt': '', 'geoCountry': 'US', 'weatherRef': '', 'customerType': 'Commercial Office'}",LIVE,67,560,New York,New York County,45.0
399,5,97151,,140400.0,,,,,America/New_York,"{'floors': '', 'm2fend': '', 'satend': '', 'sunend': '', 'geoCity': 'New York', 'geoState': 'NY', 'm2fstart': '', 'satstart': '', 'sunstart': '', 'yearBuilt': '', 'geoCountry': 'US', 'weatherRef': '', 'customerType': 'Commercial Office'}",LIVE,8,23,New York,New York County,45.0
