,id_point_x,building_id_x,last_updated_x,first_updated_x,device_x,objectId_x,name_point_x,description_x,units_x,tagged_units_x,raw_unit_id_x,value_x,type_x,point_type_id_x,measurement_id_x,datasource_hash_x,topic_x,equip_id,id_bdg_x,name_bdg_x,equip_type_abbr_x,equip_type_name_x,area_served_desc_x,tags_x,id_point_y,building_id_y,last_updated_y,first_updated_y,device_y,objectId_y,name_point_y,description_y,units_y,tagged_units_y,raw_unit_id_y,value_y,type_y,point_type_id_y,measurement_id_y,datasource_hash_y,topic_y,id_bdg_y,name_bdg_y,equip_type_abbr_y,equip_type_name_y,area_served_desc_y,tags_y,id_point,building_id,last_updated,first_updated,device,objectId,name_point,description,units,tagged_units,raw_unit_id,value,type,point_type_id,measurement_id,datasource_hash,topic,id_bdg,name_bdg,equip_type_abbr,equip_type_name,area_served_desc,tags
0,198131,140,1551415500000.0,1509508800000.0,,,,UPCM-1 AH-1 Gallery_Mixed Air Temp,F,,2,TRUE,Mixed Air Temperature,78,1,603cdedfc8c6efd774c2ebe9a62b33a8,nyserda+0000083483+ahu1-gallery+UPCM-1 AH-1 Gallery_Mixed Air Temp,18092,140,83483,AHU,Air Handling Unit,,"['ahu', 'hvac']",198149,140,1551415500000.0,1536257700000.0,,,,UPCM-1 AH-1 Gallery_Return Air Temp,F,,2,69.3,Return Air Temperature,85,1,29a9514ea653ed9afbc43704e1230efd,nyserda+0000083483+ahu1-gallery+UPCM-1 AH-1 Gallery_Return Air Temp,140,83483,AHU,Air Handling Unit,,"['ahu', 'hvac']",198145,140,1551415500000.0,1509508800000.0,,,,UPCM-1 AH-1 Gallery_Outdoor Air Temp,F,,2,TRUE,Outside Air Temperature,76,1,d4f8e8a9f1eebcf2ea5c08a68096aee0,nyserda+0000083483+ahu1-gallery+UPCM-1 AH-1 Gallery_Outdoor Air Temp,140,83483,AHU,Air Handling Unit,,"['ahu', 'hvac']"
1,198131,140,1551415500000.0,1509508800000.0,,,,UPCM-1 AH-1 Gallery_Mixed Air Temp,F,,2,TRUE,Mixed Air Temperature,78,1,603cdedfc8c6efd774c2ebe9a62b33a8,nyserda+0000083483+ahu1-gallery+UPCM-1 AH-1 Gallery_Mixed Air Temp,18092,140,83483,AHU,Air Handling Unit,,"['ahu', 'hvac']",198149,140,1551415500000.0,1536257700000.0,,,,UPCM-1 AH-1 Gallery_Return Air Temp,F,,2,69.3,Return Air Temperature,85,1,29a9514ea653ed9afbc43704e1230efd,nyserda+0000083483+ahu1-gallery+UPCM-1 AH-1 Gallery_Return Air Temp,140,83483,AHU,Air Handling Unit,,"['ahu', 'hvac']",198135,140,1551415500000.0,1509508800000.0,,,,UPCM-1 AH-1 Gallery_OA Temp (Reference value),F,,2,31,Outside Air Temperature,76,1,10bd646990542556aa86d3a9236a128e,nyserda+0000083483+ahu1-gallery+UPCM-1 AH-1 Gallery_OA Temp (Reference value),140,83483,AHU,Air Handling Unit,,"['ahu', 'hvac']"
2,198220,140,1551415500000.0,1509508800000.0,,,,UPCM-2 AH-2 2nd Floor_Mixed Air Temp,F,,2,TRUE,Mixed Air Temperature,78,1,3e9a73baa2a23bb6d2512641a0deda36,nyserda+0000083483+ahu2-floor2+UPCM-2 AH-2 2nd Floor_Mixed Air Temp,18094,140,83483,AHU,Air Handling Unit,,"['ahu', 'hvac']",198237,140,1551415500000.0,1536257700000.0,,,,UPCM-2 AH-2 2nd Floor_Return Air Temp,F,,2,68,Return Air Temperature,85,1,6b9e0ebbd36ba727bdeb4437b012b877,nyserda+0000083483+ahu2-floor2+UPCM-2 AH-2 2nd Floor_Return Air Temp,140,83483,AHU,Air Handling Unit,,"['ahu', 'hvac']",198233,140,1551415500000.0,1518620400000.0,,,,UPCM-2 AH-2 2nd Floor_Outdoor Air Temp,F,,2,TRUE,Outside Air Temperature,76,1,82fd8b24d7f37657c33d17d2eb362b9c,nyserda+0000083483+ahu2-floor2+UPCM-2 AH-2 2nd Floor_Outdoor Air Temp,140,83483,AHU,Air Handling Unit,,"['ahu', 'hvac']"
3,198220,140,1551415500000.0,1509508800000.0,,,,UPCM-2 AH-2 2nd Floor_Mixed Air Temp,F,,2,TRUE,Mixed Air Temperature,78,1,3e9a73baa2a23bb6d2512641a0deda36,nyserda+0000083483+ahu2-floor2+UPCM-2 AH-2 2nd Floor_Mixed Air Temp,18094,140,83483,AHU,Air Handling Unit,,"['ahu', 'hvac']",198237,140,1551415500000.0,1536257700000.0,,,,UPCM-2 AH-2 2nd Floor_Return Air Temp,F,,2,68,Return Air Temperature,85,1,6b9e0ebbd36ba727bdeb4437b012b877,nyserda+0000083483+ahu2-floor2+UPCM-2 AH-2 2nd Floor_Return Air Temp,140,83483,AHU,Air Handling Unit,,"['ahu', 'hvac']",198224,140,1551415500000.0,1509508800000.0,,,,UPCM-2 AH-2 2nd Floor_OA Temp (Reference value),F,,2,31,Outside Air Temperature,76,1,c26204f12acb843e13f3f98b98edb4ea,nyserda+0000083483+ahu2-floor2+UPCM-2 AH-2 2nd Floor_OA Temp (Reference value),140,83483,AHU,Air Handling Unit,,"['ahu', 'hvac']"
4,267505,419,1567915260000.0,1551966660000.0,,,,221 E 71st St Mechanical Room Marymount  AHU-1  Marymount AHU-1 Mixed Air Temp,F,,2,69.95,Mixed Air Temperature,78,1,9cb7b76801c0073bedf1d5fea96b8110,nyserda+0000116399+ahu-1+221 E 71st St Mechanical Room Marymount  AHU-1  Marymount AHU-1 Mixed Air Temp,25962,419,116399,AHU,Air Handling Unit,,"['ahu', 'hvac']",267510,419,1567915500000.0,1551966900000.0,,,,221 E 71st St Mechanical Room Marymount  AHU-1  Marymount AHU-1 Return Air Temp,F,,2,70.44,Return Air Temperature,85,1,f9f12936b86a8c4cd68d756ea84b5e60,nyserda+0000116399+ahu-1+221 E 71st St Mechanical Room Marymount  AHU-1  Marymount AHU-1 Return Air Temp,419,116399,AHU,Air Handling Unit,,"['ahu', 'hvac']",267507,419,1567915500000.0,1551966900000.0,,,,221 E 71st St Mechanical Room Marymount  AHU-1  Marymount AHU-1 Outside Air Temp,F,,2,69.76,Outside Air Temperature,76,1,81eacac996517a748dc2ae79649784ee,nyserda+0000116399+ahu-1+221 E 71st St Mechanical Room Marymount  AHU-1  Marymount AHU-1 Outside Air Temp,419,116399,AHU,Air Handling Unit,,"['ahu', 'hvac']"
5,267522,419,1567915500000.0,1551966900000.0,,,,221 E 71st St AHU-10 Mixed Air Temp,F,,2,70.70,Mixed Air Temperature,78,1,273ce8975e94a7567937781e039e695a,nyserda+0000116399+ahu-10+221 E 71st St AHU-10 Mixed Air Temp,25963,419,116399,AHU,Air Handling Unit,,"['ahu', 'hvac']",267528,419,1567915500000.0,1551966900000.0,,,,221 E 71st St AHU-10 Return Air Temp,F,,2,70.22,Return Air Temperature,85,1,2a759b7c4c749d101aa5e3e14c58cbc9,nyserda+0000116399+ahu-10+221 E 71st St AHU-10 Return Air Temp,419,116399,AHU,Air Handling Unit,,"['ahu', 'hvac']",267524,419,1567915500000.0,1551966900000.0,,,,221 E 71st St AHU-10 Outside Air Temp,F,,2,70.50,Outside Air Temperature,76,1,747a71bf035d1fd98493742c4d402f94,nyserda+0000116399+ahu-10+221 E 71st St AHU-10 Outside Air Temp,419,116399,AHU,Air Handling Unit,,"['ahu', 'hvac']"
6,267544,419,1567915500000.0,1551966900000.0,,,,221 E 71st St AHU-2 Mixed Air Temp,F,,2,69.68,Mixed Air Temperature,78,1,cb3f889c867ebee5f0e305ebe6442dc1,nyserda+0000116399+ahu-2+221 E 71st St AHU-2 Mixed Air Temp,25964,419,116399,AHU,Air Handling Unit,,"['ahu', 'hvac']",267550,419,1567915500000.0,1551966900000.0,,,,221 E 71st St AHU-2 Return Air Temp,F,,2,67.54,Return Air Temperature,85,1,92c6140f232acec1507c2f86b74520a1,nyserda+0000116399+ahu-2+221 E 71st St AHU-2 Return Air Temp,419,116399,AHU,Air Handling Unit,,"['ahu', 'hvac']",267546,419,1567915500000.0,1551966900000.0,,,,221 E 71st St AHU-2 Outside Air Temp,F,,2,70.00,Outside Air Temperature,76,1,0e1b5509d5d2d4dbc9ef470410efb76d,nyserda+0000116399+ahu-2+221 E 71st St AHU-2 Outside Air Temp,419,116399,AHU,Air Handling Unit,,"['ahu', 'hvac']"
7,267559,419,1567915500000.0,1551966900000.0,,,,221 E 71st St AHU-3 Mixed Air Temp,F,,2,69.13,Mixed Air Temperature,78,1,bcc86aef5383640c814a245e859e2fe9,nyserda+0000116399+ahu-3+221 E 71st St AHU-3 Mixed Air Temp,25965,419,116399,AHU,Air Handling Unit,,"['ahu', 'hvac']",267566,419,1567915500000.0,1551966900000.0,,,,221 E 71st St AHU-3 Return Air Temp,F,,2,67.91,Return Air Temperature,85,1,dfa2922e184549f342b1cdaa2e48a6bc,nyserda+0000116399+ahu-3+221 E 71st St AHU-3 Return Air Temp,419,116399,AHU,Air Handling Unit,,"['ahu', 'hvac']",267560,419,1567915500000.0,1551966900000.0,,,,221 E 71st St AHU-3 OA Temp,F,,2,73.12,Outside Air Temperature,76,1,4318d0cd73e67471fbb93dc5e7ded34c,nyserda+0000116399+ahu-3+221 E 71st St AHU-3 OA Temp,419,116399,AHU,Air Handling Unit,,"['ahu', 'hvac']"
8,267575,419,1567915500000.0,1551966900000.0,,,,221 E 71st St AHU-4 Mixed Air Temp,F,,2,72.53,Mixed Air Temperature,78,1,2d966a037ef5ddc709a863f76ee00a6f,nyserda+0000116399+ahu-4+221 E 71st St AHU-4 Mixed Air Temp,25966,419,116399,AHU,Air Handling Unit,,"['ahu', 'hvac']",267583,419,1567915500000.0,1551966900000.0,,,,221 E 71st St AHU-4 Return Air Temp,F,,2,72.69,Return Air Temperature,85,1,1753701b2db731a28f7bb8e09bf192a0,nyserda+0000116399+ahu-4+221 E 71st St AHU-4 Return Air Temp,419,116399,AHU,Air Handling Unit,,"['ahu', 'hvac']",267576,419,1567915500000.0,1551966900000.0,,,,221 E 71st St AHU-4 OA Temp,F,,2,71.89,Outside Air Temperature,76,1,ec5ce2999e057d4429bc6486824a91e6,nyserda+0000116399+ahu-4+221 E 71st St AHU-4 OA Temp,419,116399,AHU,Air Handling Unit,,"['ahu', 'hvac']"
9,267592,419,1567915500000.0,1551966900000.0,,,,221 E 71st St AHU-5 Mixed Air Temp,F,,2,68.77,Mixed Air Temperature,78,1,df24f51150e925478f8dacd5baaafe06,nyserda+0000116399+ahu-5+221 E 71st St AHU-5 Mixed Air Temp,25967,419,116399,AHU,Air Handling Unit,,"['ahu', 'hvac']",267598,419,1567915500000.0,1551966900000.0,,,,221 E 71st St AHU-5 Return Air Temp,F,,2,69.00,Return Air Temperature,85,1,f6c76e26337ff9d22aaaaa3a77a0daed,nyserda+0000116399+ahu-5+221 E 71st St AHU-5 Return Air Temp,419,116399,AHU,Air Handling Unit,,"['ahu', 'hvac']",267594,419,1567915500000.0,1551966900000.0,,,,221 E 71st St AHU-5 Outside Air Temp,F,,2,69.80,Outside Air Temperature,76,1,63bcfff8562d581f01d9aa71faa56b64,nyserda+0000116399+ahu-5+221 E 71st St AHU-5 Outside Air Temp,419,116399,AHU,Air Handling Unit,,"['ahu', 'hvac']"
10,267607,419,1567915500000.0,1551966900000.0,,,,221 E 71st St AHU-6 Mixed Air Temp,F,,2,73.29,Mixed Air Temperature,78,1,505f4de84b24465f0b5cd170e21c39a9,nyserda+0000116399+ahu-6+221 E 71st St AHU-6 Mixed Air Temp,25968,419,116399,AHU,Air Handling Unit,,"['ahu', 'hvac']",267614,419,1567915500000.0,1551966900000.0,,,,221 E 71st St AHU-6 Return Air Temp,F,,2,73.01,Return Air Temperature,85,1,5c3b9eed1c2bb542072cbeb2c29513a5,nyserda+0000116399+ahu-6+221 E 71st St AHU-6 Return Air Temp,419,116399,AHU,Air Handling Unit,,"['ahu', 'hvac']",267610,419,1567915500000.0,1555620600000.0,,,,221 E 71st St AHU-6 Outside Air Temp,F,,2,73.41,Outside Air Temperature,76,1,130bed4654ad7ffea2d83e4d8bb5d32c,nyserda+0000116399+ahu-6+221 E 71st St AHU-6 Outside Air Temp,419,116399,AHU,Air Handling Unit,,"['ahu', 'hvac']"
11,267647,419,1567915500000.0,1551966900000.0,,,,221 E 71st St AHU-9 Mixed Air Temp,F,,2,70.93,Mixed Air Temperature,78,1,bfb291fd2192b0cd41b4a7d5a68b3352,nyserda+0000116399+ahu-9+221 E 71st St AHU-9 Mixed Air Temp,25971,419,116399,AHU,Air Handling Unit,,"['ahu', 'hvac']",267654,419,1567915500000.0,1551966900000.0,,,,221 E 71st St AHU-9 Return Air Temp,F,,2,71.50,Return Air Temperature,85,1,dbdc978ec87980afe15acd9377ac1eef,nyserda+0000116399+ahu-9+221 E 71st St AHU-9 Return Air Temp,419,116399,AHU,Air Handling Unit,,"['ahu', 'hvac']",267650,419,1567915500000.0,1551966900000.0,,,,221 E 71st St AHU-9 Outside Air Temp,F,,2,70.12,Outside Air Temperature,76,1,65dad66084ecc1f0be811fa85307d23b,nyserda+0000116399+ahu-9+221 E 71st St AHU-9 Outside Air Temp,419,116399,AHU,Air Handling Unit,,"['ahu', 'hvac']"
12,358562,478,1625111100000.0,1594958400000.0,,,HS.RTU.12_Mixed Air Temperature_HS.RTU.12.MAT,,,f,2,81.3,Mixed Air Temperature,78,1,1eab6471f6d67cdc42f0271cdd8f1b0d,nyserda+0000160783+rtu-12+HS.RTU.12_Mixed Air Temperature_HS.RTU.12.MAT,31822,478,160783,AHU,Air Handling Unit,,"['ahu', 'hvac', 'rtu']",358569,478,1625111100000.0,1594958400000.0,,,HS.RTU.12_Return Air Temperature_HS.RTU.12.RAT,,,f,2,80.2,Return Air Temperature,85,1,60d1ff8dc39c263bcfa266a03f9e5585,nyserda+0000160783+rtu-12+HS.RTU.12_Return Air Temperature_HS.RTU.12.RAT,478,160783,AHU,Air Handling Unit,,"['ahu', 'hvac', 'rtu']",358566,478,1625111100000.0,1594958400000.0,,,HS.RTU.12_Outdoor Air Temperature_HS.RTU.12.OAT,,,f,2,74.3,Outside Air Temperature,76,1,e3ca916e0e6c9d59ffe082383f400d26,nyserda+0000160783+rtu-12+HS.RTU.12_Outdoor Air Temperature_HS.RTU.12.OAT,478,160783,AHU,Air Handling Unit,,"['ahu', 'hvac', 'rtu']"
13,357734,473,1622519100000.0,1616794200000.0,,,HS.ERV-1_Mixed Air Temperature_WCSD.HS.ERV1.MAT,,,f,2,56.98,Mixed Air Temperature,78,1,3fd170820938e956a8b92b458a89271d,nyserda+0000164864+erv-1+HS.ERV-1_Mixed Air Temperature_WCSD.HS.ERV1.MAT,31512,473,164864,AHU,Air Handling Unit,,"['ahu', 'hvac', 'erv']",357738,473,1622519100000.0,1616794200000.0,,,HS.ERV-1_Return Air Temperature_WCSD.HS.ERV1.RAT,,,f,2,65.8,Return Air Temperature,85,1,bd6c16f03e290ed776f61a0d7ef29268,nyserda+0000164864+erv-1+HS.ERV-1_Return Air Temperature_WCSD.HS.ERV1.RAT,473,164864,AHU,Air Handling Unit,,"['ahu', 'hvac', 'erv']",357737,473,1622519100000.0,1616794200000.0,,,HS.ERV-1_Outdoor Air Temperature_WCSD.HS.ERV1.VOAT,,,f,2,55.35,Outside Air Temperature,76,1,8422dbc1597a07403c282503029f5d68,nyserda+0000164864+erv-1+HS.ERV-1_Outdoor Air Temperature_WCSD.HS.ERV1.VOAT,473,164864,AHU,Air Handling Unit,,"['ahu', 'hvac', 'erv']"
14,357757,473,1622519100000.0,1616794200000.0,,,HS.ERV-2_Mixed Air Temperature_WCSD.HS.ERV2.RMS,,,f,2,68.0,Mixed Air Temperature,78,1,f46b8f0ec1e14d92706dec3b33e70b3a,nyserda+0000164864+erv-2+HS.ERV-2_Mixed Air Temperature_WCSD.HS.ERV2.RMS,31513,473,164864,AHU,Air Handling Unit,,"['ahu', 'hvac', 'erv']",357759,473,1622519100000.0,1616794200000.0,,,HS.ERV-2_Return Air Temperature_WCSD.HS.ERV2.RMT,,,f,2,68.95,Return Air Temperature,85,1,aed563d7e49e559dd51a4f2656eeb959,nyserda+0000164864+erv-2+HS.ERV-2_Return Air Temperature_WCSD.HS.ERV2.RMT,473,164864,AHU,Air Handling Unit,,"['ahu', 'hvac', 'erv']",357758,473,1622519100000.0,1616794200000.0,,,HS.ERV-2_Outdoor Air Temperature_WCSD.HS.ERV2.VOAT,,,f,2,55.35,Outside Air Temperature,76,1,1b361d4a13b313e581c7700009df9d89,nyserda+0000164864+erv-2+HS.ERV-2_Outdoor Air Temperature_WCSD.HS.ERV2.VOAT,473,164864,AHU,Air Handling Unit,,"['ahu', 'hvac', 'erv']"
15,357749,473,1622519100000.0,1616794200000.0,,,HS.ERV-02_Mixed Air Temperature_WCSD.HS.ERV2.MAT,,,f,2,62.74,Mixed Air Temperature,78,1,035d25ac37fd35d1414b5dede1abdab2,nyserda+0000164864+erv-2+HS.ERV-02_Mixed Air Temperature_WCSD.HS.ERV2.MAT,31513,473,164864,AHU,Air Handling Unit,,"['ahu', 'hvac', 'erv']",357759,473,1622519100000.0,1616794200000.0,,,HS.ERV-2_Return Air Temperature_WCSD.HS.ERV2.RMT,,,f,2,68.95,Return Air Temperature,85,1,aed563d7e49e559dd51a4f2656eeb959,nyserda+0000164864+erv-2+HS.ERV-2_Return Air Temperature_WCSD.HS.ERV2.RMT,473,164864,AHU,Air Handling Unit,,"['ahu', 'hvac', 'erv']",357758,473,1622519100000.0,1616794200000.0,,,HS.ERV-2_Outdoor Air Temperature_WCSD.HS.ERV2.VOAT,,,f,2,55.35,Outside Air Temperature,76,1,1b361d4a13b313e581c7700009df9d89,nyserda+0000164864+erv-2+HS.ERV-2_Outdoor Air Temperature_WCSD.HS.ERV2.VOAT,473,164864,AHU,Air Handling Unit,,"['ahu', 'hvac', 'erv']"
16,379518,452,1625111100000.0,1617249600000.0,,,HS.RTU.12_Mixed Air Temperature_HS.RTU.12.MAT,,,f,2,81.3,Mixed Air Temperature,78,1,f8fd8a441e7fe793787873849a860921,nyserda+0000128615+rtu-12+HS.RTU.12_Mixed Air Temperature_HS.RTU.12.MAT,33118,452,128615,AHU,Air Handling Unit,,"['ahu', 'hvac', 'rtu']",379526,452,1625111100000.0,1617249600000.0,,,HS.RTU.12_Return Air Temperature_HS.RTU.12.RAT,,,f,2,80.2,Return Air Temperature,85,1,f7edd7d4a0348a00ebb14c6d1e3e9d5d,nyserda+0000128615+rtu-12+HS.RTU.12_Return Air Temperature_HS.RTU.12.RAT,452,128615,AHU,Air Handling Unit,,"['ahu', 'hvac', 'rtu']",379522,452,1625111100000.0,1617249600000.0,,,HS.RTU.12_Outdoor Air Temperature_HS.RTU.12.OAT,,,f,2,74.3,Outside Air Temperature,76,1,597db193dad063e9495607f95703a2b9,nyserda+0000128615+rtu-12+HS.RTU.12_Outdoor Air Temperature_HS.RTU.12.OAT,452,128615,AHU,Air Handling Unit,,"['ahu', 'hvac', 'rtu']"
17,358883,479,1619840700000.0,1604203200000.0,,,SHS.AHU-1_Mixed Air Temperature_SHS.AHU01.MAT,,,f,2,67.95,Mixed Air Temperature,78,1,37b2f85a4628c4f97aac6cb15fa708cd,nyserda+0000163716+ahu-1+SHS.AHU-1_Mixed Air Temperature_SHS.AHU01.MAT,31857,479,163716,AHU,Air Handling Unit,,"['ahu', 'hvac']",358887,479,1619840700000.0,1604203200000.0,,,SHS.AHU-1_Return Air Temperature_SHS.AHU01.RAT,,,f,2,71.35,Return Air Temperature,85,1,bc37040e272d64c957522ad391a7c742,nyserda+0000163716+ahu-1+SHS.AHU-1_Return Air Temperature_SHS.AHU01.RAT,479,163716,AHU,Air Handling Unit,,"['ahu', 'hvac']",358886,479,1619840700000.0,1604203200000.0,,,SHS.AHU-1_Outdoor Air Temperature_SHS.AHU01.OAT,,,f,2,34.55,Outside Air Temperature,76,1,6fc9ad5bac1ecab081f365a3f2c685d0,nyserda+0000163716+ahu-1+SHS.AHU-1_Outdoor Air Temperature_SHS.AHU01.OAT,479,163716,AHU,Air Handling Unit,,"['ahu', 'hvac']"
18,358802,479,1619840700000.0,1604203200000.0,,,SHS.AHU-10_Mixed Air Temperature_SHS.AHU10.MAT,,,f,2,71.27,Mixed Air Temperature,78,1,71e1ccc533721abcf018f18e495e2a1f,nyserda+0000163716+ahu-10+SHS.AHU-10_Mixed Air Temperature_SHS.AHU10.MAT,31858,479,163716,AHU,Air Handling Unit,,"['ahu', 'hvac']",358811,479,1619840700000.0,1604203200000.0,,,SHS.AHU-10_Return Air Temperature_SHS.AHU10.RAT,,,f,2,73.51,Return Air Temperature,85,1,814a15649c993425efe3820de0c1a273,nyserda+0000163716+ahu-10+SHS.AHU-10_Return Air Temperature_SHS.AHU10.RAT,479,163716,AHU,Air Handling Unit,,"['ahu', 'hvac']",358808,479,1619840700000.0,1604203200000.0,,,SHS.AHU-10_Outdoor Air Temperature_SHS.AHU10.OA.DB,,,f,2,55.0,Outside Air Temperature,76,1,29a94719ddd12ba779b7d646df9485d7,nyserda+0000163716+ahu-10+SHS.AHU-10_Outdoor Air Temperature_SHS.AHU10.OA.DB,479,163716,AHU,Air Handling Unit,,"['ahu', 'hvac']"
19,358802,479,1619840700000.0,1604203200000.0,,,SHS.AHU-10_Mixed Air Temperature_SHS.AHU10.MAT,,,f,2,71.27,Mixed Air Temperature,78,1,71e1ccc533721abcf018f18e495e2a1f,nyserda+0000163716+ahu-10+SHS.AHU-10_Mixed Air Temperature_SHS.AHU10.MAT,31858,479,163716,AHU,Air Handling Unit,,"['ahu', 'hvac']",358811,479,1619840700000.0,1604203200000.0,,,SHS.AHU-10_Return Air Temperature_SHS.AHU10.RAT,,,f,2,73.51,Return Air Temperature,85,1,814a15649c993425efe3820de0c1a273,nyserda+0000163716+ahu-10+SHS.AHU-10_Return Air Temperature_SHS.AHU10.RAT,479,163716,AHU,Air Handling Unit,,"['ahu', 'hvac']",358807,479,1619840700000.0,1604203200000.0,,,SHS.AHU-10_Outdoor Air Temperature_SHS.AHU10.OAC,,,f,2,34.15,Outside Air Temperature,76,1,2ebfcc6512bc5914ad3f227efc03f0a2,nyserda+0000163716+ahu-10+SHS.AHU-10_Outdoor Air Temperature_SHS.AHU10.OAC,479,163716,AHU,Air Handling Unit,,"['ahu', 'hvac']"
20,358820,479,1619840700000.0,1604203200000.0,,,SHS.AHU-11_Mixed Air Temperature_SHS.AHU11.MAT,,,f,2,74.72,Mixed Air Temperature,78,1,7b981c0b613f0ff714dcc08b9053bcb9,nyserda+0000163716+ahu-11+SHS.AHU-11_Mixed Air Temperature_SHS.AHU11.MAT,31859,479,163716,AHU,Air Handling Unit,,"['ahu', 'hvac']",358824,479,1619840700000.0,1604203200000.0,,,SHS.AHU-11_Return Air Temperature_SHS.AHU11.RAT,,,f,2,74.12,Return Air Temperature,85,1,e58cd04c3c32c96da8afb473a8fa1a03,nyserda+0000163716+ahu-11+SHS.AHU-11_Return Air Temperature_SHS.AHU11.RAT,479,163716,AHU,Air Handling Unit,,"['ahu', 'hvac']",358823,479,1619840700000.0,1604203200000.0,,,SHS.AHU-11_Outdoor Air Temperature_SHS.AHU11.OAT,,,f,2,36.81,Outside Air Temperature,76,1,ea1b0ec55445962456145ed23eda09cf,nyserda+0000163716+ahu-11+SHS.AHU-11_Outdoor Air Temperature_SHS.AHU11.OAT,479,163716,AHU,Air Handling Unit,,"['ahu', 'hvac']"
21,358836,479,1619840700000.0,1604203200000.0,,,SHS.AHU-12_Mixed Air Temperature_SHS.AHU12.MAT,,,f,2,91.75,Mixed Air Temperature,78,1,9ef5d796a4f4762c37efa18da5054cc3,nyserda+0000163716+ahu-12+SHS.AHU-12_Mixed Air Temperature_SHS.AHU12.MAT,31860,479,163716,AHU,Air Handling Unit,,"['ahu', 'hvac']",358843,479,1619840700000.0,1604203200000.0,,,SHS.AHU-12_Return Air Temperature Zone_SHS AUDITORIUM AHU-12:ZN TEMP,,,f,2,32.0,Return Air Temperature,85,1,1fff8d51f105a4893ee9b6f3ace374d9,nyserda+0000163716+ahu-12+SHS.AHU-12_Return Air Temperature Zone_SHS AUDITORIUM AHU-12:ZN TEMP,479,163716,AHU,Air Handling Unit,,"['ahu', 'hvac']",358841,479,1619840700000.0,1604203200000.0,,,SHS.AHU-12_Outdoor Air Temperature_SHS.AHU12.OAT,,,f,2,34.3,Outside Air Temperature,76,1,ea54c1090c483887b004e3675b08bd21,nyserda+0000163716+ahu-12+SHS.AHU-12_Outdoor Air Temperature_SHS.AHU12.OAT,479,163716,AHU,Air Handling Unit,,"['ahu', 'hvac']"
22,358836,479,1619840700000.0,1604203200000.0,,,SHS.AHU-12_Mixed Air Temperature_SHS.AHU12.MAT,,,f,2,91.75,Mixed Air Temperature,78,1,9ef5d796a4f4762c37efa18da5054cc3,nyserda+0000163716+ahu-12+SHS.AHU-12_Mixed Air Temperature_SHS.AHU12.MAT,31860,479,163716,AHU,Air Handling Unit,,"['ahu', 'hvac']",358842,479,1619840700000.0,1604203200000.0,,,SHS.AHU-12_Return Air Temperature_SHS.AHU12.RAT,,,f,2,76.45,Return Air Temperature,85,1,32e141ab9fdd8051e2db94a09f07d905,nyserda+0000163716+ahu-12+SHS.AHU-12_Return Air Temperature_SHS.AHU12.RAT,479,163716,AHU,Air Handling Unit,,"['ahu', 'hvac']",358841,479,1619840700000.0,1604203200000.0,,,SHS.AHU-12_Outdoor Air Temperature_SHS.AHU12.OAT,,,f,2,34.3,Outside Air Temperature,76,1,ea54c1090c483887b004e3675b08bd21,nyserda+0000163716+ahu-12+SHS.AHU-12_Outdoor Air Temperature_SHS.AHU12.OAT,479,163716,AHU,Air Handling Unit,,"['ahu', 'hvac']"
23,358851,479,1619840700000.0,1604203200000.0,,,SHS.AHU-13_Mixed Air Temperature_SHS.AHU13.MAT,,,f,2,114.62,Mixed Air Temperature,78,1,30e67e16d56a2410635dff4332bcb01b,nyserda+0000163716+ahu-13+SHS.AHU-13_Mixed Air Temperature_SHS.AHU13.MAT,31861,479,163716,AHU,Air Handling Unit,,"['ahu', 'hvac']",358858,479,1619840700000.0,1604203200000.0,,,SHS.AHU-13_Return Air Temperature Zone_SHS STAGE AHU-13:ZN TEMP,,,f,2,32.0,Return Air Temperature,85,1,bfc1098ed011ccbc73185df735547c05,nyserda+0000163716+ahu-13+SHS.AHU-13_Return Air Temperature Zone_SHS STAGE AHU-13:ZN TEMP,479,163716,AHU,Air Handling Unit,,"['ahu', 'hvac']",358856,479,1619840700000.0,1604203200000.0,,,SHS.AHU-13_Outdoor Air Temperature_SHS.AHU13.OAT,,,f,2,34.25,Outside Air Temperature,76,1,8ffee6ddf359bdf9a01e7dae6b165aaf,nyserda+0000163716+ahu-13+SHS.AHU-13_Outdoor Air Temperature_SHS.AHU13.OAT,479,163716,AHU,Air Handling Unit,,"['ahu', 'hvac']"
24,358851,479,1619840700000.0,1604203200000.0,,,SHS.AHU-13_Mixed Air Temperature_SHS.AHU13.MAT,,,f,2,114.62,Mixed Air Temperature,78,1,30e67e16d56a2410635dff4332bcb01b,nyserda+0000163716+ahu-13+SHS.AHU-13_Mixed Air Temperature_SHS.AHU13.MAT,31861,479,163716,AHU,Air Handling Unit,,"['ahu', 'hvac']",358857,479,1619840700000.0,1604203200000.0,,,SHS.AHU-13_Return Air Temperature_SHS.AHU13.RAT,,,f,2,76.3,Return Air Temperature,85,1,c4cc4481b7ca93ba389e8521f5bcdbe7,nyserda+0000163716+ahu-13+SHS.AHU-13_Return Air Temperature_SHS.AHU13.RAT,479,163716,AHU,Air Handling Unit,,"['ahu', 'hvac']",358856,479,1619840700000.0,1604203200000.0,,,SHS.AHU-13_Outdoor Air Temperature_SHS.AHU13.OAT,,,f,2,34.25,Outside Air Temperature,76,1,8ffee6ddf359bdf9a01e7dae6b165aaf,nyserda+0000163716+ahu-13+SHS.AHU-13_Outdoor Air Temperature_SHS.AHU13.OAT,479,163716,AHU,Air Handling Unit,,"['ahu', 'hvac']"
25,358869,479,1619840700000.0,1604203200000.0,,,SHS.AHU-15_Mixed Air Temperature_SHS.AHU15.MAT,,,f,2,126.24,Mixed Air Temperature,78,1,1c7813ab981d02e248608df572543af0,nyserda+0000163716+ahu-15+SHS.AHU-15_Mixed Air Temperature_SHS.AHU15.MAT,31862,479,163716,AHU,Air Handling Unit,,"['ahu', 'hvac']",358874,479,1619840700000.0,1604203200000.0,,,SHS.AHU-15_Return Air Temperature Zone_SHS PRINCIPALS AHU-15:ZN TEMP,,,f,2,32.0,Return Air Temperature,85,1,1b300a2d817b2f37a874b57c4d3c234c,nyserda+0000163716+ahu-15+SHS.AHU-15_Return Air Temperature Zone_SHS PRINCIPALS AHU-15:ZN TEMP,479,163716,AHU,Air Handling Unit,,"['ahu', 'hvac']",358872,479,1619840700000.0,1604203200000.0,,,SHS.AHU-15_Outdoor Air Temperature_SHS.AHU15.OAT,,,f,2,34.25,Outside Air Temperature,76,1,6bef3eada29dfddc0076f01e4ae79811,nyserda+0000163716+ahu-15+SHS.AHU-15_Outdoor Air Temperature_SHS.AHU15.OAT,479,163716,AHU,Air Handling Unit,,"['ahu', 'hvac']"
26,358869,479,1619840700000.0,1604203200000.0,,,SHS.AHU-15_Mixed Air Temperature_SHS.AHU15.MAT,,,f,2,126.24,Mixed Air Temperature,78,1,1c7813ab981d02e248608df572543af0,nyserda+0000163716+ahu-15+SHS.AHU-15_Mixed Air Temperature_SHS.AHU15.MAT,31862,479,163716,AHU,Air Handling Unit,,"['ahu', 'hvac']",358873,479,1615704300000.0,1604203200000.0,,,SHS.AHU-15_Return Air Temperature_SHS.AHU15.RAT,,,f,2,91.55,Return Air Temperature,85,1,29adeb232964dcbffa81dc67b5fd4496,nyserda+0000163716+ahu-15+SHS.AHU-15_Return Air Temperature_SHS.AHU15.RAT,479,163716,AHU,Air Handling Unit,,"['ahu', 'hvac']",358872,479,1619840700000.0,1604203200000.0,,,SHS.AHU-15_Outdoor Air Temperature_SHS.AHU15.OAT,,,f,2,34.25,Outside Air Temperature,76,1,6bef3eada29dfddc0076f01e4ae79811,nyserda+0000163716+ahu-15+SHS.AHU-15_Outdoor Air Temperature_SHS.AHU15.OAT,479,163716,AHU,Air Handling Unit,,"['ahu', 'hvac']"
27,358895,479,1619305200000.0,1604203200000.0,,,SHS.AHU-2_Mixed Air Temperature_SHS.AHU02.MAT,,,f,2,66.44,Mixed Air Temperature,78,1,4d7e55f68ba69d02af2c2dd6f98a943f,nyserda+0000163716+ahu-2+SHS.AHU-2_Mixed Air Temperature_SHS.AHU02.MAT,31863,479,163716,AHU,Air Handling Unit,,"['ahu', 'hvac']",358899,479,1619840700000.0,1604203200000.0,,,SHS.AHU-2_Return Air Temperature_SHS.AHU02.RAT,,,f,2,80.1,Return Air Temperature,85,1,15b84eaec7869af2e2bd037e034bb6ff,nyserda+0000163716+ahu-2+SHS.AHU-2_Return Air Temperature_SHS.AHU02.RAT,479,163716,AHU,Air Handling Unit,,"['ahu', 'hvac']",358898,479,1619840700000.0,1604203200000.0,,,SHS.AHU-2_Outdoor Air Temperature_SHS.AHU02.OAT,,,f,2,34.55,Outside Air Temperature,76,1,1db8722606893abe3a2789f9b90b935d,nyserda+0000163716+ahu-2+SHS.AHU-2_Outdoor Air Temperature_SHS.AHU02.OAT,479,163716,AHU,Air Handling Unit,,"['ahu', 'hvac']"
28,358916,479,1619840700000.0,1604203200000.0,,,SHS.AHU-4_Mixed Air Temperature_SHS.AHU04.MAT,,,f,2,99.91,Mixed Air Temperature,78,1,0e2475ea033cbb1318b4b69df8cefea2,nyserda+0000163716+ahu-4+SHS.AHU-4_Mixed Air Temperature_SHS.AHU04.MAT,31865,479,163716,AHU,Air Handling Unit,,"['ahu', 'hvac']",358920,479,1619840700000.0,1604203200000.0,,,SHS.AHU-4_Return Air Temperature_SHS.AHU04.RAT,,,f,2,78.73,Return Air Temperature,85,1,d78b5d7d4b98db61bde9c33bd2ed173f,nyserda+0000163716+ahu-4+SHS.AHU-4_Return Air Temperature_SHS.AHU04.RAT,479,163716,AHU,Air Handling Unit,,"['ahu', 'hvac']",358919,479,1619840700000.0,1604203200000.0,,,SHS.AHU-4_Outdoor Air Temperature_SHS.AHU04.OAT,,,f,2,36.81,Outside Air Temperature,76,1,6f58a99ebac66534b3ffa05326575e80,nyserda+0000163716+ahu-4+SHS.AHU-4_Outdoor Air Temperature_SHS.AHU04.OAT,479,163716,AHU,Air Handling Unit,,"['ahu', 'hvac']"
29,358928,479,1619840700000.0,1604203200000.0,,,SHS.AHU-5_Mixed Air Temperature_SHS.AHU05.MAT,,,f,2,68.41,Mixed Air Temperature,78,1,a565a5e3c433794bd323a28cbcde7834,nyserda+0000163716+ahu-5+SHS.AHU-5_Mixed Air Temperature_SHS.AHU05.MAT,31866,479,163716,AHU,Air Handling Unit,,"['ahu', 'hvac']",358932,479,1619840700000.0,1604203200000.0,,,SHS.AHU-5_Return Air Temperature_SHS.AHU05.RAT,,,f,2,73.4,Return Air Temperature,85,1,64d6316a237e97b3bf3a7d532daf8541,nyserda+0000163716+ahu-5+SHS.AHU-5_Return Air Temperature_SHS.AHU05.RAT,479,163716,AHU,Air Handling Unit,,"['ahu', 'hvac']",358931,479,1619840700000.0,1604203200000.0,,,SHS.AHU-5_Outdoor Air Temperature_SHS.AHU05.OAT,,,f,2,36.81,Outside Air Temperature,76,1,ca759ae273bb5791480700ac69b73d9a,nyserda+0000163716+ahu-5+SHS.AHU-5_Outdoor Air Temperature_SHS.AHU05.OAT,479,163716,AHU,Air Handling Unit,,"['ahu', 'hvac']"
30,358940,479,1619840700000.0,1604203200000.0,,,SHS.AHU-6_Mixed Air Temperature_SHS.AHU06.MAT,,,f,2,76.04,Mixed Air Temperature,78,1,a3671d9dd4ea66a60853873573d5f0a8,nyserda+0000163716+ahu-6+SHS.AHU-6_Mixed Air Temperature_SHS.AHU06.MAT,31867,479,163716,AHU,Air Handling Unit,,"['ahu', 'hvac']",358944,479,1619840700000.0,1604203200000.0,,,SHS.AHU-6_Return Air Temperature_SHS.AHU06.RAT,,,f,2,75.56,Return Air Temperature,85,1,93f6d5c20cd910724cb3a3d1089b0d1b,nyserda+0000163716+ahu-6+SHS.AHU-6_Return Air Temperature_SHS.AHU06.RAT,479,163716,AHU,Air Handling Unit,,"['ahu', 'hvac']",358943,479,1619840700000.0,1604203200000.0,,,SHS.AHU-6_Outdoor Air Temperature_SHS.AHU06.OAT,,,f,2,36.81,Outside Air Temperature,76,1,77e2b2f3b760f9fb04a2390c1db4cdaf,nyserda+0000163716+ahu-6+SHS.AHU-6_Outdoor Air Temperature_SHS.AHU06.OAT,479,163716,AHU,Air Handling Unit,,"['ahu', 'hvac']"
31,358955,479,1619840700000.0,1604203200000.0,,,SHS.AHU-7_Mixed Air Temperature_SHS.AHU07.MAT,,,f,2,73.57,Mixed Air Temperature,78,1,a1f9577b0774c3dbcad123815549d163,nyserda+0000163716+ahu-7+SHS.AHU-7_Mixed Air Temperature_SHS.AHU07.MAT,31868,479,163716,AHU,Air Handling Unit,,"['ahu', 'hvac']",358961,479,1619840700000.0,1604203200000.0,,,SHS.AHU-7_Return Air Temperature_SHS.AHU07.RAT,,,f,2,72.54,Return Air Temperature,85,1,680c9ab66a472fdddb1e414989e12fe9,nyserda+0000163716+ahu-7+SHS.AHU-7_Return Air Temperature_SHS.AHU07.RAT,479,163716,AHU,Air Handling Unit,,"['ahu', 'hvac']",358959,479,1619840700000.0,1604203200000.0,,,SHS.AHU-7_Outdoor Air Temperature_SHS.AHU07.OAC,,,f,2,37.01,Outside Air Temperature,76,1,2ad70111543be312d907cd90b838bda7,nyserda+0000163716+ahu-7+SHS.AHU-7_Outdoor Air Temperature_SHS.AHU07.OAC,479,163716,AHU,Air Handling Unit,,"['ahu', 'hvac']"
32,358970,479,1619840700000.0,1604203200000.0,,,SHS.AHU-8_Mixed Air Temperature_SHS.AHU08.MAT,,,f,2,50.54,Mixed Air Temperature,78,1,0c9c68d372bd12c126fa9eae7cb39cf4,nyserda+0000163716+ahu-8+SHS.AHU-8_Mixed Air Temperature_SHS.AHU08.MAT,31869,479,163716,AHU,Air Handling Unit,,"['ahu', 'hvac']",358977,479,1619840700000.0,1604203200000.0,,,SHS.AHU-8_Return Air Temperature Zone_SHS CLASSROOM AHU-8:ZN TEMP,,,f,2,32.0,Return Air Temperature,85,1,2e11b407af3b63d6960a2672995dcfa7,nyserda+0000163716+ahu-8+SHS.AHU-8_Return Air Temperature Zone_SHS CLASSROOM AHU-8:ZN TEMP,479,163716,AHU,Air Handling Unit,,"['ahu', 'hvac']",358975,479,1619840700000.0,1604203200000.0,,,SHS.AHU-8_Outdoor Air Temperature_SHS.AHU08.OAT,,,f,2,34.55,Outside Air Temperature,76,1,e3665f60511c3d02fdadf096302dd6f3,nyserda+0000163716+ahu-8+SHS.AHU-8_Outdoor Air Temperature_SHS.AHU08.OAT,479,163716,AHU,Air Handling Unit,,"['ahu', 'hvac']"
33,358970,479,1619840700000.0,1604203200000.0,,,SHS.AHU-8_Mixed Air Temperature_SHS.AHU08.MAT,,,f,2,50.54,Mixed Air Temperature,78,1,0c9c68d372bd12c126fa9eae7cb39cf4,nyserda+0000163716+ahu-8+SHS.AHU-8_Mixed Air Temperature_SHS.AHU08.MAT,31869,479,163716,AHU,Air Handling Unit,,"['ahu', 'hvac']",358976,479,1619840700000.0,1604203200000.0,,,SHS.AHU-8_Return Air Temperature_SHS.AHU08.RAT,,,f,2,72.97,Return Air Temperature,85,1,4e088e4f6093c35034b3bae34a3dbb9b,nyserda+0000163716+ahu-8+SHS.AHU-8_Return Air Temperature_SHS.AHU08.RAT,479,163716,AHU,Air Handling Unit,,"['ahu', 'hvac']",358975,479,1619840700000.0,1604203200000.0,,,SHS.AHU-8_Outdoor Air Temperature_SHS.AHU08.OAT,,,f,2,34.55,Outside Air Temperature,76,1,e3665f60511c3d02fdadf096302dd6f3,nyserda+0000163716+ahu-8+SHS.AHU-8_Outdoor Air Temperature_SHS.AHU08.OAT,479,163716,AHU,Air Handling Unit,,"['ahu', 'hvac']"
34,358984,479,1619840700000.0,1604203200000.0,,,SHS.AHU-9_Mixed Air Temperature_SHS.AHU09.MAT,,,f,2,63.68,Mixed Air Temperature,78,1,f5b241a4328959a2169f25f5e29352f7,nyserda+0000163716+ahu-9+SHS.AHU-9_Mixed Air Temperature_SHS.AHU09.MAT,31870,479,163716,AHU,Air Handling Unit,,"['ahu', 'hvac']",358991,479,1619840700000.0,1604203200000.0,,,SHS.AHU-9_Return Air Temperature Zone_SHS LIBRARY AHU-9:ZN TEMP,,,f,2,32.0,Return Air Temperature,85,1,b88e3df7201c13cf4779768a9dbc2178,nyserda+0000163716+ahu-9+SHS.AHU-9_Return Air Temperature Zone_SHS LIBRARY AHU-9:ZN TEMP,479,163716,AHU,Air Handling Unit,,"['ahu', 'hvac']",358989,479,1619840700000.0,1604203200000.0,,,SHS.AHU-9_Outdoor Air Temperature_SHS.AHU09.OAT,,,f,2,34.55,Outside Air Temperature,76,1,9a15f3548e8bc8529646026f4762788b,nyserda+0000163716+ahu-9+SHS.AHU-9_Outdoor Air Temperature_SHS.AHU09.OAT,479,163716,AHU,Air Handling Unit,,"['ahu', 'hvac']"
35,358984,479,1619840700000.0,1604203200000.0,,,SHS.AHU-9_Mixed Air Temperature_SHS.AHU09.MAT,,,f,2,63.68,Mixed Air Temperature,78,1,f5b241a4328959a2169f25f5e29352f7,nyserda+0000163716+ahu-9+SHS.AHU-9_Mixed Air Temperature_SHS.AHU09.MAT,31870,479,163716,AHU,Air Handling Unit,,"['ahu', 'hvac']",358990,479,1619840700000.0,1604203200000.0,,,SHS.AHU-9_Return Air Temperature_SHS.AHU09.RAT,,,f,2,74.0,Return Air Temperature,85,1,8ac2de0f2f1dbcc8063a01b2af92c73b,nyserda+0000163716+ahu-9+SHS.AHU-9_Return Air Temperature_SHS.AHU09.RAT,479,163716,AHU,Air Handling Unit,,"['ahu', 'hvac']",358989,479,1619840700000.0,1604203200000.0,,,SHS.AHU-9_Outdoor Air Temperature_SHS.AHU09.OAT,,,f,2,34.55,Outside Air Temperature,76,1,9a15f3548e8bc8529646026f4762788b,nyserda+0000163716+ahu-9+SHS.AHU-9_Outdoor Air Temperature_SHS.AHU09.OAT,479,163716,AHU,Air Handling Unit,,"['ahu', 'hvac']"
36,357828,474,1625370300000.0,1609822800000.0,,,OLP A01_Mixed Air Temperature_OLP.A01.MAT,,,f,2,70.05,Mixed Air Temperature,78,1,87689ef9140636cfe96ee4b62b492172,nyserda+0000164033+ahu-1+OLP A01_Mixed Air Temperature_OLP.A01.MAT,31525,474,164033,AHU,Air Handling Unit,,"['ahu', 'hvac']",357837,474,1616605200000.0,1609822800000.0,,,OLP A01_Return Air Temperature_OLP.A01.RAT,,,f,2,4.6,Return Air Temperature,85,1,f92fb462b2d39b98d51ae4240a2e13b1,nyserda+0000164033+ahu-1+OLP A01_Return Air Temperature_OLP.A01.RAT,474,164033,AHU,Air Handling Unit,,"['ahu', 'hvac']",357833,474,1625370300000.0,1609822800000.0,,,OLP A01_Outdoor Air Temperature_OLP.A01.OAC,,,f,2,66.7,Outside Air Temperature,76,1,0f02cf7fcdc8d6f96d155ab775920a75,nyserda+0000164033+ahu-1+OLP A01_Outdoor Air Temperature_OLP.A01.OAC,474,164033,AHU,Air Handling Unit,,"['ahu', 'hvac']"
37,357868,474,1625370300000.0,1609822800000.0,,,OLP A02_Mixed Air Temperature_OLP.A02.MAT,,,f,2,62.79,Mixed Air Temperature,78,1,ef3ce9bab3dfac91e2ade8b47a6b0a1d,nyserda+0000164033+ahu-2+OLP A02_Mixed Air Temperature_OLP.A02.MAT,31526,474,164033,AHU,Air Handling Unit,,"['ahu', 'hvac']",357877,474,1622475900000.0,1609822800000.0,,,OLP A02_Return Air Temperature_OLP.A02.RAT,,,f,2,71.99,Return Air Temperature,85,1,f269d40a19c5357827f3d4eec3cf409b,nyserda+0000164033+ahu-2+OLP A02_Return Air Temperature_OLP.A02.RAT,474,164033,AHU,Air Handling Unit,,"['ahu', 'hvac']",357873,474,1625370300000.0,1609822800000.0,,,OLP A02_Outdoor Air Temperature_OLP.A02.OAC,,,f,2,66.7,Outside Air Temperature,76,1,b821fa611d7ccd9889f9d81e93699c9a,nyserda+0000164033+ahu-2+OLP A02_Outdoor Air Temperature_OLP.A02.OAC,474,164033,AHU,Air Handling Unit,,"['ahu', 'hvac']"
38,357898,474,1625370300000.0,1609822800000.0,,,OLP A03_Mixed Air Temperature_OLP.A03.MAT,,,f,2,73.03,Mixed Air Temperature,78,1,99dd6a4d7f0fac21143503f9e0efbb37,nyserda+0000164033+ahu-3+OLP A03_Mixed Air Temperature_OLP.A03.MAT,31527,474,164033,AHU,Air Handling Unit,,"['ahu', 'hvac']",357906,474,1625370300000.0,1609822800000.0,,,OLP A03_Return Air Temperature_OLP.A03.RAT,,,f,2,71.98,Return Air Temperature,85,1,856befb47d75b97d4161c417d97a24f7,nyserda+0000164033+ahu-3+OLP A03_Return Air Temperature_OLP.A03.RAT,474,164033,AHU,Air Handling Unit,,"['ahu', 'hvac']",357903,474,1625370300000.0,1609822800000.0,,,OLP A03_Outdoor Air Temperature_OLP.A03.OAC,,,f,2,66.9,Outside Air Temperature,76,1,78585d4bed5d63d5e95bc60390cdb51c,nyserda+0000164033+ahu-3+OLP A03_Outdoor Air Temperature_OLP.A03.OAC,474,164033,AHU,Air Handling Unit,,"['ahu', 'hvac']"
39,357934,474,1625370300000.0,1609822800000.0,,,OLP A04_Mixed Air Temperature_OLP.A04.MAT,,,f,2,78.26,Mixed Air Temperature,78,1,1003f485cbfae981c6b3127d456b529d,nyserda+0000164033+ahu-4+OLP A04_Mixed Air Temperature_OLP.A04.MAT,31528,474,164033,AHU,Air Handling Unit,,"['ahu', 'hvac']",357944,474,1625370300000.0,1609822800000.0,,,OLP A04_Return Air Temperature_OLP.A04.RAT,,,f,2,72.72,Return Air Temperature,85,1,14533af2fc862f994fda8e2fd58b9c6f,nyserda+0000164033+ahu-4+OLP A04_Return Air Temperature_OLP.A04.RAT,474,164033,AHU,Air Handling Unit,,"['ahu', 'hvac']",357940,474,1617505200000.0,1609822800000.0,,,OLP A04_Outdoor Air Temperature_OLP.A04.OAC,,,f,2,44.5,Outside Air Temperature,76,1,c5420a626465905e2c99feead3b20e4c,nyserda+0000164033+ahu-4+OLP A04_Outdoor Air Temperature_OLP.A04.OAC,474,164033,AHU,Air Handling Unit,,"['ahu', 'hvac']"
40,358007,475,1640908800000.0,1592193600000.0,,,AC-10_Mixed Air Temperature_AC10IM,,,f,2,64.51,Mixed Air Temperature,78,1,3d93d9ff04a178a285582a116de07664,nyserda+0000158818+ahu-10+AC-10_Mixed Air Temperature_AC10IM,31547,475,158818,AHU,Air Handling Unit,,"['ahu', 'hvac']",358016,475,1640908800000.0,1592193600000.0,,,AC-10_Return Air Temperature_AC10IR,,,f,2,71.49,Return Air Temperature,85,1,bc4c6c75a28c5508baec62606a58f4a4,nyserda+0000158818+ahu-10+AC-10_Return Air Temperature_AC10IR,475,158818,AHU,Air Handling Unit,,"['ahu', 'hvac']",358011,475,1640908800000.0,1592193600000.0,,,AC-10_Outdoor Air Temperature_OTV10,,,f,2,41.17,Outside Air Temperature,76,1,04318edc37c3c7a63171585669cdde69,nyserda+0000158818+ahu-10+AC-10_Outdoor Air Temperature_OTV10,475,158818,AHU,Air Handling Unit,,"['ahu', 'hvac']"
41,358027,475,1640908800000.0,1592193600000.0,,,AC-14_Mixed Air Temperature_FLCC.SSC.AC14.MAT,,,f,2,71.28,Mixed Air Temperature,78,1,53a3003395f568ee3fdde93bb6b881f5,nyserda+0000158818+ahu-14+AC-14_Mixed Air Temperature_FLCC.SSC.AC14.MAT,31548,475,158818,AHU,Air Handling Unit,,"['ahu', 'hvac']",358039,475,1640908800000.0,1592193600000.0,,,AC-14_Return Air Temperature_FLCC.SSC.AC14.RAT,,,f,2,71.68,Return Air Temperature,85,1,a4d87c59792a0250a35a784434e7f216,nyserda+0000158818+ahu-14+AC-14_Return Air Temperature_FLCC.SSC.AC14.RAT,475,158818,AHU,Air Handling Unit,,"['ahu', 'hvac']",358034,475,1640908800000.0,1592193600000.0,,,AC-14_Outdoor Air Temperature_FLCC.SSC.AC14.OAC,,,f,2,41.17,Outside Air Temperature,76,1,d2b8a9b3779dedae2588ea447d70042c,nyserda+0000158818+ahu-14+AC-14_Outdoor Air Temperature_FLCC.SSC.AC14.OAC,475,158818,AHU,Air Handling Unit,,"['ahu', 'hvac']"
42,358050,475,1640908800000.0,1592193600000.0,,,AC-6_Mixed Air Temperature_BWING.AC06.MAT,,,f,2,61.31,Mixed Air Temperature,78,1,4feb3c6c9f85c019027a6a2688c27c24,nyserda+0000158818+ahu-6+AC-6_Mixed Air Temperature_BWING.AC06.MAT,31549,475,158818,AHU,Air Handling Unit,,"['ahu', 'hvac']",358063,475,1640908800000.0,1592193600000.0,,,AC-6_Return Air Temperature_BWING.AC06.RAT,,,f,2,65.19,Return Air Temperature,85,1,fefc5a44172e9cd2853e7383498035d3,nyserda+0000158818+ahu-6+AC-6_Return Air Temperature_BWING.AC06.RAT,475,158818,AHU,Air Handling Unit,,"['ahu', 'hvac']",358057,475,1640908800000.0,1592193600000.0,,,AC-6_Outdoor Air Temperature_BWING.AC06.OAC,,,f,2,41.17,Outside Air Temperature,76,1,1237961ee136ef8c03d8df2098f92bd3,nyserda+0000158818+ahu-6+AC-6_Outdoor Air Temperature_BWING.AC06.OAC,475,158818,AHU,Air Handling Unit,,"['ahu', 'hvac']"
43,358074,475,1640908800000.0,1592193600000.0,,,AC-7_Mixed Air Temperature_CWING.AC07.MAT,,,f,2,54.96,Mixed Air Temperature,78,1,1d4ed4c685a4f056ea3bec91b6eff53d,nyserda+0000158818+ahu-7+AC-7_Mixed Air Temperature_CWING.AC07.MAT,31550,475,158818,AHU,Air Handling Unit,,"['ahu', 'hvac']",358086,475,1640908800000.0,1592193600000.0,,,AC-7_Return Air Temperature_CWING.AC07.RAT,,,f,2,61.76,Return Air Temperature,85,1,81863512f8e9d2578780e741a8863999,nyserda+0000158818+ahu-7+AC-7_Return Air Temperature_CWING.AC07.RAT,475,158818,AHU,Air Handling Unit,,"['ahu', 'hvac']",358081,475,1638046800000.0,1592193600000.0,,,AC-7_Outdoor Air Temperature_CWING.AC07.OAC,,,f,2,33.18,Outside Air Temperature,76,1,db5f7ae2a2e1006014f91515d1b8d384,nyserda+0000158818+ahu-7+AC-7_Outdoor Air Temperature_CWING.AC07.OAC,475,158818,AHU,Air Handling Unit,,"['ahu', 'hvac']"
44,358098,475,1640908800000.0,1592193600000.0,,,AC-9_Mixed Air Temperature_BWING.AC09.MAT,,,f,2,54.97,Mixed Air Temperature,78,1,f426ad3289a7305923fb49ea6013415b,nyserda+0000158818+ahu-9+AC-9_Mixed Air Temperature_BWING.AC09.MAT,31551,475,158818,AHU,Air Handling Unit,,"['ahu', 'hvac']",358109,475,1640908800000.0,1592193600000.0,,,AC-9_Return Air Temperature_BWING.AC09.RAT,,,f,2,69.76,Return Air Temperature,85,1,677db334c89a4c64245224c30088b4d2,nyserda+0000158818+ahu-9+AC-9_Return Air Temperature_BWING.AC09.RAT,475,158818,AHU,Air Handling Unit,,"['ahu', 'hvac']",358105,475,1640908800000.0,1592193600000.0,,,AC-9_Outdoor Air Temperature_BWING.AC09.OAC,,,f,2,41.17,Outside Air Temperature,76,1,f9cde6aaf917e34cc25f438cc31b3402,nyserda+0000158818+ahu-9+AC-9_Outdoor Air Temperature_BWING.AC09.OAC,475,158818,AHU,Air Handling Unit,,"['ahu', 'hvac']"
45,357296,471,1622605500000.0,1594958400000.0,,,MEC3 PHARMACY_MIXED AIR TEMPERATURE_RGH.AC12.MAT,,,f,2,71.31,Mixed Air Temperature,78,1,92b711b32fd355b7eed6f4df220f10ef,nyserda+0000136558+ahu-12+MEC3 PHARMACY_MIXED AIR TEMPERATURE_RGH.AC12.MAT,31453,471,136558,AHU,Air Handling Unit,,"['ahu', 'hvac']",357306,471,1622605500000.0,1594958400000.0,,,MEC3 PHARMACY_RETURN AIR TEMPERATURE_RGH.AC12.RAT,,,f,2,71.85,Return Air Temperature,85,1,c675ca3b5c2774b027c35628eecf0814,nyserda+0000136558+ahu-12+MEC3 PHARMACY_RETURN AIR TEMPERATURE_RGH.AC12.RAT,471,136558,AHU,Air Handling Unit,,"['ahu', 'hvac']",357300,471,1622605500000.0,1594958400000.0,,,MEC3 PHARMACY_OUTDOOR AIR TEMPERATURE_RGH.AC12.OAT,,,f,2,68.79,Outside Air Temperature,76,1,9d06872951fe2f336152ee054dabf481,nyserda+0000136558+ahu-12+MEC3 PHARMACY_OUTDOOR AIR TEMPERATURE_RGH.AC12.OAT,471,136558,AHU,Air Handling Unit,,"['ahu', 'hvac']"
46,357314,471,1622605500000.0,1594958400000.0,,,PXC32 AHU-31_MIXED AIR TEMPERATURE_RGH.E.AHU31.MIXED.TEMP,,,f,2,68.53,Mixed Air Temperature,78,1,2f0dd00297864d570a521eb0a9ae2839,nyserda+0000136558+ahu-31+PXC32 AHU-31_MIXED AIR TEMPERATURE_RGH.E.AHU31.MIXED.TEMP,31454,471,136558,AHU,Air Handling Unit,,"['ahu', 'hvac']",357327,471,1622605500000.0,1594958400000.0,,,PXC32 AHU-31_RETURN AIR TEMPERATURE_RGH.E.AHU31.RETURN.TEMP,,,f,2,68.98,Return Air Temperature,85,1,92b7d3d0057c2ccbf63635dd99965bd6,nyserda+0000136558+ahu-31+PXC32 AHU-31_RETURN AIR TEMPERATURE_RGH.E.AHU31.RETURN.TEMP,471,136558,AHU,Air Handling Unit,,"['ahu', 'hvac']",357316,471,1622605500000.0,1594958400000.0,,,PXC32 AHU-31_OUTDOOR AIR TEMPERATURE_RGH.E.AHU31.OAT,,,f,2,44.31,Outside Air Temperature,76,1,00b2c516b11898b8dde31a7eb5628c8d,nyserda+0000136558+ahu-31+PXC32 AHU-31_OUTDOOR AIR TEMPERATURE_RGH.E.AHU31.OAT,471,136558,AHU,Air Handling Unit,,"['ahu', 'hvac']"
47,357338,471,1622605500000.0,1594958400000.0,,,MEC5 OPER RMS_MIXED AIR TEMPERATURE_RGH.E.AHU66.MAT.TMP,,,f,2,67.52,Mixed Air Temperature,78,1,c2a35f53d08f9e19f364494b30221297,nyserda+0000136558+ahu-66+MEC5 OPER RMS_MIXED AIR TEMPERATURE_RGH.E.AHU66.MAT.TMP,31455,471,136558,AHU,Air Handling Unit,,"['ahu', 'hvac']",357353,471,1622605500000.0,1594958400000.0,,,MEC5 OPER RMS_RETURN AIR TEMPERATURE_RGH.E.AHU66.RAT.TMP,,,f,2,68.99,Return Air Temperature,85,1,f9d140e9ea8e8d1d8e994a717e001266,nyserda+0000136558+ahu-66+MEC5 OPER RMS_RETURN AIR TEMPERATURE_RGH.E.AHU66.RAT.TMP,471,136558,AHU,Air Handling Unit,,"['ahu', 'hvac']",357342,471,1622605500000.0,1594958400000.0,,,MEC5 OPER RMS_OUTDOOR AIR TEMPERATURE_RGH.E.AHU66.OAT.TMP,,,f,2,46.52,Outside Air Temperature,76,1,afc1eded14a14f846467bf6503b4f23d,nyserda+0000136558+ahu-66+MEC5 OPER RMS_OUTDOOR AIR TEMPERATURE_RGH.E.AHU66.OAT.TMP,471,136558,AHU,Air Handling Unit,,"['ahu', 'hvac']"
48,357513,471,1622605500000.0,1594958400000.0,,,MEC22 ACS-68_MIXED AIR TEMPERATURE_RGH.E.POLI_CTR.ACS68.MAT.TMP,,,f,2,65.55,Mixed Air Temperature,78,1,678d92584b2b7645c3d5a5d2d006bcc1,nyserda+0000136558+ahu-ACS68+MEC22 ACS-68_MIXED AIR TEMPERATURE_RGH.E.POLI_CTR.ACS68.MAT.TMP,31464,471,136558,AHU,Air Handling Unit,,"['ahu', 'hvac']",357524,471,1622605500000.0,1594958400000.0,,,MEC22 ACS-68_RETURN AIR TEMPERATURE_RGH.E.POLI_CTR.ACS68.RAT.TMP,,,f,2,63.14,Return Air Temperature,85,1,58176694538e722e7ad43b121c3f20c8,nyserda+0000136558+ahu-ACS68+MEC22 ACS-68_RETURN AIR TEMPERATURE_RGH.E.POLI_CTR.ACS68.RAT.TMP,471,136558,AHU,Air Handling Unit,,"['ahu', 'hvac']",357521,471,1622605500000.0,1594958400000.0,,,MEC22 ACS-68_OUTDOOR AIR TEMPERATURE_RGH.E.POLI_CTR.ACS68.OAT,,,f,2,69.23,Outside Air Temperature,76,1,9d494770ece6ccbd54448a79889bfcb5,nyserda+0000136558+ahu-ACS68+MEC22 ACS-68_OUTDOOR AIR TEMPERATURE_RGH.E.POLI_CTR.ACS68.OAT,471,136558,AHU,Air Handling Unit,,"['ahu', 'hvac']"
49,357531,471,1622605500000.0,1594958400000.0,,,MEC6 8TH FLR_MIXED AIR TEMPERATURE_RGH.A.ACS70.MAT.TMP,,,f,2,72.21,Mixed Air Temperature,78,1,7e61adefbe135d821271c88afcd62908,nyserda+0000136558+ahu-ACS70+MEC6 8TH FLR_MIXED AIR TEMPERATURE_RGH.A.ACS70.MAT.TMP,31465,471,136558,AHU,Air Handling Unit,,"['ahu', 'hvac']",357536,471,1622605500000.0,1594958400000.0,,,MEC6 8TH FLR_RETURN AIR TEMPERATURE_RGH.A.ACS70.RAT.TMP,,,f,2,74.91,Return Air Temperature,85,1,27ccbe4c25b21cbbd9483d1e348c184b,nyserda+0000136558+ahu-ACS70+MEC6 8TH FLR_RETURN AIR TEMPERATURE_RGH.A.ACS70.RAT.TMP,471,136558,AHU,Air Handling Unit,,"['ahu', 'hvac']",357535,471,1622605500000.0,1594958400000.0,,,MEC6 8TH FLR_OUTDOOR AIR TEMPERATURE_RGH.A.ACS70.OAT.TMP,,,f,2,70.98,Outside Air Temperature,76,1,e9efa27aa7bc7fef48783d79dca44c1e,nyserda+0000136558+ahu-ACS70+MEC6 8TH FLR_OUTDOOR AIR TEMPERATURE_RGH.A.ACS70.OAT.TMP,471,136558,AHU,Air Handling Unit,,"['ahu', 'hvac']"
50,212189,279,1517978700000.0,1514782800000.0,,,,UPCM-01 AHU-1A Santuary South_Mixed Air Temp,F,,2,74.6,Mixed Air Temperature,78,1,c39a5927f7225c44a47f615616190aa3,nyserda+0000078354+ahu1A+UPCM-01 AHU-1A Santuary South_Mixed Air Temp,20248,279,75620,AHU,Air Handling Unit,,"['ahu', 'hvac']",212199,279,1517978700000.0,1496675700000.0,,,,UPCM-01 AHU-1A Santuary South_Return Air Temp,F,,2,72,Return Air Temperature,85,1,951655d0ce1f419849b98b9510627c94,nyserda+0000078354+ahu1A+UPCM-01 AHU-1A Santuary South_Return Air Temp,279,75620,AHU,Air Handling Unit,,"['ahu', 'hvac']",212193,279,1517978700000.0,1514782800000.0,,,,UPCM-01 AHU-1A Santuary South_OA Temp (Reference value),F,,2,35.4,Outside Air Temperature,76,1,ac38774734d4d739692561b370349625,nyserda+0000078354+ahu1A+UPCM-01 AHU-1A Santuary South_OA Temp (Reference value),279,75620,AHU,Air Handling Unit,,"['ahu', 'hvac']"
51,212226,279,1517978700000.0,1496673000000.0,,,,UPCM-02 AHU-1B Santuary North_Mixed Air Temp,F,,2,70.1,Mixed Air Temperature,78,1,8216dfb1e18f4a133ab4c831e42e677c,nyserda+0000078354+ahu1B+UPCM-02 AHU-1B Santuary North_Mixed Air Temp,20249,279,75620,AHU,Air Handling Unit,,"['ahu', 'hvac']",212236,279,1517978700000.0,1496674800000.0,,,,UPCM-02 AHU-1B Santuary North_Return Air Temp,F,,2,72.2,Return Air Temperature,85,1,2445488adcf8887ffdc4c57a650f4fab,nyserda+0000078354+ahu1B+UPCM-02 AHU-1B Santuary North_Return Air Temp,279,75620,AHU,Air Handling Unit,,"['ahu', 'hvac']",212230,279,1517978700000.0,1514782800000.0,,,,UPCM-02 AHU-1B Santuary North_OA Temp (Reference value),F,,2,35.4,Outside Air Temperature,76,1,2334cf402cb755475c0c274181ebf5d3,nyserda+0000078354+ahu1B+UPCM-02 AHU-1B Santuary North_OA Temp (Reference value),279,75620,AHU,Air Handling Unit,,"['ahu', 'hvac']"
52,212264,279,1517978700000.0,1514782800000.0,,,,UPCM-09 AHU-M1 Gallery South_Mixed Air Temp,F,,2,70.4,Mixed Air Temperature,78,1,a3dc4bce1d2d67df5b951c8d3ff1e9b1,nyserda+0000078354+ahu1M+UPCM-09 AHU-M1 Gallery South_Mixed Air Temp,20250,279,75620,AHU,Air Handling Unit,,"['ahu', 'hvac']",212279,279,1517978700000.0,1514782800000.0,,,,UPCM-09 AHU-M1 Gallery South_Return Air Temp,F,,2,70.2,Return Air Temperature,85,1,7aee70f8e54a8c09446945e85a395092,nyserda+0000078354+ahu1M+UPCM-09 AHU-M1 Gallery South_Return Air Temp,279,75620,AHU,Air Handling Unit,,"['ahu', 'hvac']",212268,279,1517978700000.0,1514782800000.0,,,,UPCM-09 AHU-M1 Gallery South_OA Temp (Reference value),F,,2,35.4,Outside Air Temperature,76,1,38720ab40a97e2c54370eb774f78ba08,nyserda+0000078354+ahu1M+UPCM-09 AHU-M1 Gallery South_OA Temp (Reference value),279,75620,AHU,Air Handling Unit,,"['ahu', 'hvac']"
53,212264,279,1517978700000.0,1514782800000.0,,,,UPCM-09 AHU-M1 Gallery South_Mixed Air Temp,F,,2,70.4,Mixed Air Temperature,78,1,a3dc4bce1d2d67df5b951c8d3ff1e9b1,nyserda+0000078354+ahu1M+UPCM-09 AHU-M1 Gallery South_Mixed Air Temp,20250,279,75620,AHU,Air Handling Unit,,"['ahu', 'hvac']",212279,279,1517978700000.0,1514782800000.0,,,,UPCM-09 AHU-M1 Gallery South_Return Air Temp,F,,2,70.2,Return Air Temperature,85,1,7aee70f8e54a8c09446945e85a395092,nyserda+0000078354+ahu1M+UPCM-09 AHU-M1 Gallery South_Return Air Temp,279,75620,AHU,Air Handling Unit,,"['ahu', 'hvac']",212276,279,1517978700000.0,1514782800000.0,,,,UPCM-09 AHU-M1 Gallery South_Outdoor Air Temp,F,,2,TRUE,Outside Air Temperature,76,1,77cb5ece2f5b87eade9ac25a1378fa16,nyserda+0000078354+ahu1M+UPCM-09 AHU-M1 Gallery South_Outdoor Air Temp,279,75620,AHU,Air Handling Unit,,"['ahu', 'hvac']"
54,212307,279,1517978700000.0,1496673000000.0,,,,UPCM-03 AHU-2A Pavillion South_Mixed Air Temp,F,,2,69.9,Mixed Air Temperature,78,1,dbe5ceee050d564fadab03ca212aa52d,nyserda+0000078354+ahu2A+UPCM-03 AHU-2A Pavillion South_Mixed Air Temp,20251,279,75620,AHU,Air Handling Unit,,"['ahu', 'hvac']",212323,279,1517978700000.0,1496673000000.0,,,,UPCM-03 AHU-2A Pavillion South_Return Air Temp,F,,2,74.4,Return Air Temperature,85,1,a5f1c2a6d5e7b90a1f3474d3304e85ac,nyserda+0000078354+ahu2A+UPCM-03 AHU-2A Pavillion South_Return Air Temp,279,75620,AHU,Air Handling Unit,,"['ahu', 'hvac']",212311,279,1517978700000.0,1514782800000.0,,,,UPCM-03 AHU-2A Pavillion South_OA Temp (Reference value),F,,2,35.4,Outside Air Temperature,76,1,0da8231e8036ba4d868254903f6077fc,nyserda+0000078354+ahu2A+UPCM-03 AHU-2A Pavillion South_OA Temp (Reference value),279,75620,AHU,Air Handling Unit,,"['ahu', 'hvac']"
55,212307,279,1517978700000.0,1496673000000.0,,,,UPCM-03 AHU-2A Pavillion South_Mixed Air Temp,F,,2,69.9,Mixed Air Temperature,78,1,dbe5ceee050d564fadab03ca212aa52d,nyserda+0000078354+ahu2A+UPCM-03 AHU-2A Pavillion South_Mixed Air Temp,20251,279,75620,AHU,Air Handling Unit,,"['ahu', 'hvac']",212323,279,1517978700000.0,1496673000000.0,,,,UPCM-03 AHU-2A Pavillion South_Return Air Temp,F,,2,74.4,Return Air Temperature,85,1,a5f1c2a6d5e7b90a1f3474d3304e85ac,nyserda+0000078354+ahu2A+UPCM-03 AHU-2A Pavillion South_Return Air Temp,279,75620,AHU,Air Handling Unit,,"['ahu', 'hvac']",212320,279,1517978700000.0,1497019500000.0,,,,UPCM-03 AHU-2A Pavillion South_Outdoor Air Temp,F,,2,34.9,Outside Air Temperature,76,1,313ceefa7a2a90ac2bfd9313ed66f47f,nyserda+0000078354+ahu2A+UPCM-03 AHU-2A Pavillion South_Outdoor Air Temp,279,75620,AHU,Air Handling Unit,,"['ahu', 'hvac']"
56,212353,279,1517978700000.0,1514782800000.0,,,,UPCM-04 AHU-2B Pavillion North_Mixed Air Temp,F,,2,74.8,Mixed Air Temperature,78,1,27a7ffb943dac7006d2a88927081e184,nyserda+0000078354+ahu2B+UPCM-04 AHU-2B Pavillion North_Mixed Air Temp,20252,279,75620,AHU,Air Handling Unit,,"['ahu', 'hvac']",212369,279,1517978700000.0,1514782800000.0,,,,UPCM-04 AHU-2B Pavillion North_Return Air Temp,F,,2,74.1,Return Air Temperature,85,1,3fcef61f706736857a321d0b5d34a71a,nyserda+0000078354+ahu2B+UPCM-04 AHU-2B Pavillion North_Return Air Temp,279,75620,AHU,Air Handling Unit,,"['ahu', 'hvac']",212357,279,1517978700000.0,1514782800000.0,,,,UPCM-04 AHU-2B Pavillion North_OA Temp (Reference value),F,,2,35.4,Outside Air Temperature,76,1,87bfc3f4dc2be24555d134bfdb37c45e,nyserda+0000078354+ahu2B+UPCM-04 AHU-2B Pavillion North_OA Temp (Reference value),279,75620,AHU,Air Handling Unit,,"['ahu', 'hvac']"
57,212353,279,1517978700000.0,1514782800000.0,,,,UPCM-04 AHU-2B Pavillion North_Mixed Air Temp,F,,2,74.8,Mixed Air Temperature,78,1,27a7ffb943dac7006d2a88927081e184,nyserda+0000078354+ahu2B+UPCM-04 AHU-2B Pavillion North_Mixed Air Temp,20252,279,75620,AHU,Air Handling Unit,,"['ahu', 'hvac']",212369,279,1517978700000.0,1514782800000.0,,,,UPCM-04 AHU-2B Pavillion North_Return Air Temp,F,,2,74.1,Return Air Temperature,85,1,3fcef61f706736857a321d0b5d34a71a,nyserda+0000078354+ahu2B+UPCM-04 AHU-2B Pavillion North_Return Air Temp,279,75620,AHU,Air Handling Unit,,"['ahu', 'hvac']",212366,279,1517978700000.0,1514782800000.0,,,,UPCM-04 AHU-2B Pavillion North_Outdoor Air Temp,F,,2,34.9,Outside Air Temperature,76,1,dcfb978225a0541d21dc97429ef4a8b9,nyserda+0000078354+ahu2B+UPCM-04 AHU-2B Pavillion North_Outdoor Air Temp,279,75620,AHU,Air Handling Unit,,"['ahu', 'hvac']"
58,212398,279,1517978700000.0,1496673000000.0,,,,UPCM-10 AHU-M2 Gallery North_Mixed Air Temp,F,,2,68.4,Mixed Air Temperature,78,1,874195bab2ff542d563d2b44ea1e8473,nyserda+0000078354+ahu2M+UPCM-10 AHU-M2 Gallery North_Mixed Air Temp,20253,279,75620,AHU,Air Handling Unit,,"['ahu', 'hvac']",212413,279,1517978700000.0,1496674800000.0,,,,UPCM-10 AHU-M2 Gallery North_Return Air Temp,F,,2,69.8,Return Air Temperature,85,1,1d07ea78f222f219bdc3f4112a4d7fbc,nyserda+0000078354+ahu2M+UPCM-10 AHU-M2 Gallery North_Return Air Temp,279,75620,AHU,Air Handling Unit,,"['ahu', 'hvac']",212402,279,1517978700000.0,1514782800000.0,,,,UPCM-10 AHU-M2 Gallery North_OA Temp (Reference value),F,,2,35.4,Outside Air Temperature,76,1,f3d5c1c580574ad7da764dfa9b9e71eb,nyserda+0000078354+ahu2M+UPCM-10 AHU-M2 Gallery North_OA Temp (Reference value),279,75620,AHU,Air Handling Unit,,"['ahu', 'hvac']"
59,212398,279,1517978700000.0,1496673000000.0,,,,UPCM-10 AHU-M2 Gallery North_Mixed Air Temp,F,,2,68.4,Mixed Air Temperature,78,1,874195bab2ff542d563d2b44ea1e8473,nyserda+0000078354+ahu2M+UPCM-10 AHU-M2 Gallery North_Mixed Air Temp,20253,279,75620,AHU,Air Handling Unit,,"['ahu', 'hvac']",212413,279,1517978700000.0,1496674800000.0,,,,UPCM-10 AHU-M2 Gallery North_Return Air Temp,F,,2,69.8,Return Air Temperature,85,1,1d07ea78f222f219bdc3f4112a4d7fbc,nyserda+0000078354+ahu2M+UPCM-10 AHU-M2 Gallery North_Return Air Temp,279,75620,AHU,Air Handling Unit,,"['ahu', 'hvac']",212410,279,1517978700000.0,1497025800000.0,,,,UPCM-10 AHU-M2 Gallery North_Outdoor Air Temp,F,,2,TRUE,Outside Air Temperature,76,1,4cea9ba22e78a763685f25525dc168d4,nyserda+0000078354+ahu2M+UPCM-10 AHU-M2 Gallery North_Outdoor Air Temp,279,75620,AHU,Air Handling Unit,,"['ahu', 'hvac']"
60,212445,279,1517978700000.0,1509508800000.0,,,,UPCM-05 AHU-3 Atrium_Mixed Air Temp,F,,2,74.8,Mixed Air Temperature,78,1,13e6590f916d864bf88582854b572453,nyserda+0000078354+ahu3+UPCM-05 AHU-3 Atrium_Mixed Air Temp,20254,279,75620,AHU,Air Handling Unit,,"['ahu', 'hvac']",212462,279,1517978700000.0,1496673000000.0,,,,UPCM-05 AHU-3 Atrium_Return Air Temp,F,,2,70.6,Return Air Temperature,85,1,586620c351285bcb38edf8d25d0e67a8,nyserda+0000078354+ahu3+UPCM-05 AHU-3 Atrium_Return Air Temp,279,75620,AHU,Air Handling Unit,,"['ahu', 'hvac']",212449,279,1517978700000.0,1509508800000.0,,,,UPCM-05 AHU-3 Atrium_OA Temp (Reference value),F,,2,35.4,Outside Air Temperature,76,1,0ce970590129c3f89a05f6579478a48e,nyserda+0000078354+ahu3+UPCM-05 AHU-3 Atrium_OA Temp (Reference value),279,75620,AHU,Air Handling Unit,,"['ahu', 'hvac']"
61,212445,279,1517978700000.0,1509508800000.0,,,,UPCM-05 AHU-3 Atrium_Mixed Air Temp,F,,2,74.8,Mixed Air Temperature,78,1,13e6590f916d864bf88582854b572453,nyserda+0000078354+ahu3+UPCM-05 AHU-3 Atrium_Mixed Air Temp,20254,279,75620,AHU,Air Handling Unit,,"['ahu', 'hvac']",212462,279,1517978700000.0,1496673000000.0,,,,UPCM-05 AHU-3 Atrium_Return Air Temp,F,,2,70.6,Return Air Temperature,85,1,586620c351285bcb38edf8d25d0e67a8,nyserda+0000078354+ahu3+UPCM-05 AHU-3 Atrium_Return Air Temp,279,75620,AHU,Air Handling Unit,,"['ahu', 'hvac']",212459,279,1517978700000.0,1497021300000.0,,,,UPCM-05 AHU-3 Atrium_Outdoor Air Temp,F,,2,34.9,Outside Air Temperature,76,1,8368cc8fcc1ba8883e970c497d99b258,nyserda+0000078354+ahu3+UPCM-05 AHU-3 Atrium_Outdoor Air Temp,279,75620,AHU,Air Handling Unit,,"['ahu', 'hvac']"
62,212491,279,1517978700000.0,1514782800000.0,,,,UPCM-06 AHU-5 Lobby- Main Level_Mixed Air Temp,F,,2,72.2,Mixed Air Temperature,78,1,c896ef306ca7485ecc0e966fd8a90ef7,nyserda+0000078354+ahu5+UPCM-06 AHU-5 Lobby- Main Level_Mixed Air Temp,20255,279,75620,AHU,Air Handling Unit,,"['ahu', 'hvac']",212501,279,1517978700000.0,1514782800000.0,,,,UPCM-06 AHU-5 Lobby- Main Level_Return Air Temp,F,,2,69.9,Return Air Temperature,85,1,d36977360b8137803c2f01152c59c946,nyserda+0000078354+ahu5+UPCM-06 AHU-5 Lobby- Main Level_Return Air Temp,279,75620,AHU,Air Handling Unit,,"['ahu', 'hvac']",212495,279,1517978700000.0,1514782800000.0,,,,UPCM-06 AHU-5 Lobby- Main Level_OA Temp (Reference value),F,,2,35.4,Outside Air Temperature,76,1,26b5c31221f1820c2ccefa4d85fb0f17,nyserda+0000078354+ahu5+UPCM-06 AHU-5 Lobby- Main Level_OA Temp (Reference value),279,75620,AHU,Air Handling Unit,,"['ahu', 'hvac']"
63,212527,279,1517978700000.0,1496673000000.0,,,,UPCM-07 AHU-6 Lobby- Lower Level_Mixed Air Temp,F,,2,71.8,Mixed Air Temperature,78,1,2a0561c2eeb01aa1dc49853d1d8eadd4,nyserda+0000078354+ahu6+UPCM-07 AHU-6 Lobby- Lower Level_Mixed Air Temp,20256,279,75620,AHU,Air Handling Unit,,"['ahu', 'hvac']",212544,279,1517978700000.0,1496673000000.0,,,,UPCM-07 AHU-6 Lobby- Lower Level_Return Air Temp,F,,2,73.5,Return Air Temperature,85,1,138a8dc47bf8e5df08e5ce12dbe29e57,nyserda+0000078354+ahu6+UPCM-07 AHU-6 Lobby- Lower Level_Return Air Temp,279,75620,AHU,Air Handling Unit,,"['ahu', 'hvac']",212541,279,1517978700000.0,1497022200000.0,,,,UPCM-07 AHU-6 Lobby- Lower Level_Outdoor Air Temp,F,,2,34.9,Outside Air Temperature,76,1,2ccf4fe8be0ebf8f062f2b9a8dafefeb,nyserda+0000078354+ahu6+UPCM-07 AHU-6 Lobby- Lower Level_Outdoor Air Temp,279,75620,AHU,Air Handling Unit,,"['ahu', 'hvac']"
64,212527,279,1517978700000.0,1496673000000.0,,,,UPCM-07 AHU-6 Lobby- Lower Level_Mixed Air Temp,F,,2,71.8,Mixed Air Temperature,78,1,2a0561c2eeb01aa1dc49853d1d8eadd4,nyserda+0000078354+ahu6+UPCM-07 AHU-6 Lobby- Lower Level_Mixed Air Temp,20256,279,75620,AHU,Air Handling Unit,,"['ahu', 'hvac']",212544,279,1517978700000.0,1496673000000.0,,,,UPCM-07 AHU-6 Lobby- Lower Level_Return Air Temp,F,,2,73.5,Return Air Temperature,85,1,138a8dc47bf8e5df08e5ce12dbe29e57,nyserda+0000078354+ahu6+UPCM-07 AHU-6 Lobby- Lower Level_Return Air Temp,279,75620,AHU,Air Handling Unit,,"['ahu', 'hvac']",212531,279,1517978700000.0,1514782800000.0,,,,UPCM-07 AHU-6 Lobby- Lower Level_OA Temp (Reference value),F,,2,35.4,Outside Air Temperature,76,1,138fbf1561c0ca3bcc6f767b049673f9,nyserda+0000078354+ahu6+UPCM-07 AHU-6 Lobby- Lower Level_OA Temp (Reference value),279,75620,AHU,Air Handling Unit,,"['ahu', 'hvac']"
65,359092,481,1617162900000.0,1585713600000.0,,,AHU_2_MA_Tmp_Avg,,,f,2,55.89,Mixed Air Temperature,78,1,29c84713d1158662380be12b15630deb,nyserda+0000124529+ahu-2+AHU_2_MA_Tmp_Avg,31915,481,124529,AHU,Air Handling Unit,,"['ahu', 'hvac']",359108,481,1617162900000.0,1585713600000.0,,,AHU_2_RA_Tmp,,,f,2,72.95,Return Air Temperature,85,1,54f9e2f4dcc232ead16984cace4540f3,nyserda+0000124529+ahu-2+AHU_2_RA_Tmp,481,124529,AHU,Air Handling Unit,,"['ahu', 'hvac']",359097,481,1617162900000.0,1585713600000.0,,,AHU_2_OA_Tmp,,,f,2,11.14,Outside Air Temperature,76,1,08856aa4c70d628f8978e30992ab4ca2,nyserda+0000124529+ahu-2+AHU_2_OA_Tmp,481,124529,AHU,Air Handling Unit,,"['ahu', 'hvac']"
66,359125,481,1617162900000.0,1585713600000.0,,,AHU_3 (VAV_2_28)_MA_Tmp_Avg,,,f,2,57.74,Mixed Air Temperature,78,1,363ba719d32a52ae50dcf770777b905c,nyserda+0000124529+ahu-3+AHU_3 (VAV_2_28)_MA_Tmp_Avg,31916,481,124529,AHU,Air Handling Unit,,"['ahu', 'hvac']",359141,481,1617162900000.0,1585713600000.0,,,AHU_3 (VAV_2_28)_RA_Tmp,,,f,2,71.72,Return Air Temperature,85,1,317386407a39dbdb56ac022c0edb2eed,nyserda+0000124529+ahu-3+AHU_3 (VAV_2_28)_RA_Tmp,481,124529,AHU,Air Handling Unit,,"['ahu', 'hvac']",359130,481,1617162900000.0,1585713600000.0,,,AHU_3 (VAV_2_28)_OA_Tmp,,,f,2,11.14,Outside Air Temperature,76,1,11a87264753b2ffd6cfea934813518ef,nyserda+0000124529+ahu-3+AHU_3 (VAV_2_28)_OA_Tmp,481,124529,AHU,Air Handling Unit,,"['ahu', 'hvac']"
67,359158,481,1617162900000.0,1585713600000.0,,,AHU_4 (VAV_1_03)_MA_Tmp_Avg,,,f,2,60.21,Mixed Air Temperature,78,1,a04893044b5cbc54d941977b1c2557a4,nyserda+0000124529+ahu-4+AHU_4 (VAV_1_03)_MA_Tmp_Avg,31917,481,124529,AHU,Air Handling Unit,,"['ahu', 'hvac']",359173,481,1617162900000.0,1585713600000.0,,,AHU_4 (VAV_1_03)_RA_Tmp,,,f,2,71.40,Return Air Temperature,85,1,b89456dc3c9e4decf58af06e3fa355a3,nyserda+0000124529+ahu-4+AHU_4 (VAV_1_03)_RA_Tmp,481,124529,AHU,Air Handling Unit,,"['ahu', 'hvac']",359163,481,1617162900000.0,1585713600000.0,,,AHU_4 (VAV_1_03)_OA_Tmp,,,f,2,11.14,Outside Air Temperature,76,1,4cc3c5c38a35d600d675b4047ea75807,nyserda+0000124529+ahu-4+AHU_4 (VAV_1_03)_OA_Tmp,481,124529,AHU,Air Handling Unit,,"['ahu', 'hvac']"
68,199347,162,1535773500000.0,1517462100000.0,,,,AHU-1 Cafeteria Room 177 and 178 PRV-13_Mixed Air Temp,F,,2,77.4,Mixed Air Temperature,78,1,4780d992bedf4201a07e1af314529f39,nyserda+0000082141+ahu1-cafeteria+AHU-1 Cafeteria Room 177 and 178 PRV-13_Mixed Air Temp,18308,162,82141,AHU,Air Handling Unit,,"['ahu', 'hvac']",199356,162,1535773500000.0,1517462100000.0,,,,AHU-1 Cafeteria Room 177 and 178 PRV-13_Return Air Temp,F,,2,76.2,Return Air Temperature,85,1,8f16494afa0738421ebcafc391c9f8cd,nyserda+0000082141+ahu1-cafeteria+AHU-1 Cafeteria Room 177 and 178 PRV-13_Return Air Temp,162,82141,AHU,Air Handling Unit,,"['ahu', 'hvac']",199355,162,1535773500000.0,1517462100000.0,,,,AHU-1 Cafeteria Room 177 and 178 PRV-13_Outdoor Air Temp,F,,2,70,Outside Air Temperature,76,1,e10cced75dcb7b630dd3f723ab06a224,nyserda+0000082141+ahu1-cafeteria+AHU-1 Cafeteria Room 177 and 178 PRV-13_Outdoor Air Temp,162,82141,AHU,Air Handling Unit,,"['ahu', 'hvac']"
69,199431,162,1535773500000.0,1517461200000.0,,,,"AHU-2 Gym WEF-1,2_Mixed Air Temp",F,,2,80.6,Mixed Air Temperature,78,1,10458619486b17b36415ae6d83cef7b5,"nyserda+0000082141+ahu2-gym+AHU-2 Gym WEF-1,2_Mixed Air Temp",18311,162,82141,AHU,Air Handling Unit,,"['ahu', 'hvac']",199440,162,1535773500000.0,1517461200000.0,,,,"AHU-2 Gym WEF-1,2_Return Air Temp",F,,2,70,Return Air Temperature,85,1,294f7a4fdaa3f7efbf5f8e8f44ae03c9,"nyserda+0000082141+ahu2-gym+AHU-2 Gym WEF-1,2_Return Air Temp",162,82141,AHU,Air Handling Unit,,"['ahu', 'hvac']",199439,162,1535773500000.0,1517461200000.0,,,,"AHU-2 Gym WEF-1,2_Outdoor Air Temp",F,,2,70,Outside Air Temperature,76,1,8d33f6aad7792a7631c14dad718e781f,"nyserda+0000082141+ahu2-gym+AHU-2 Gym WEF-1,2_Outdoor Air Temp",162,82141,AHU,Air Handling Unit,,"['ahu', 'hvac']"
70,414548,185,1635638100000.0,1606503000000.0,,,AC_1B Mixing Box (AC_1B)_MATemp2,,,f,2,69.42,Mixed Air Temperature,78,1,50fa879131ef1d0b86c4af3721764edd,nyserda+0000108594+ahu-ac-1b+AC_1B Mixing Box (AC_1B)_MATemp2,34965,185,108594,AHU,Air Handling Unit,,"['ahu', 'hvac']",414579,185,1635638100000.0,1620776700000.0,,,AC_1B_RATemp,,,f,2,69.56,Return Air Temperature,85,1,98cad309aedecfff16645e78e1319a39,nyserda+0000108594+ahu-ac-1b+AC_1B_RATemp,185,108594,AHU,Air Handling Unit,,"['ahu', 'hvac']",414590,185,1635638100000.0,1620776700000.0,,,Outdoor Conditions (AC_1B)_OATemp,,,f,2,59.42,Outside Air Temperature,76,1,e8743c78605e03261c8c2834d4c53ae6,nyserda+0000108594+ahu-ac-1b+Outdoor Conditions (AC_1B)_OATemp,185,108594,AHU,Air Handling Unit,,"['ahu', 'hvac']"
71,414548,185,1635638100000.0,1606503000000.0,,,AC_1B Mixing Box (AC_1B)_MATemp2,,,f,2,69.42,Mixed Air Temperature,78,1,50fa879131ef1d0b86c4af3721764edd,nyserda+0000108594+ahu-ac-1b+AC_1B Mixing Box (AC_1B)_MATemp2,34965,185,108594,AHU,Air Handling Unit,,"['ahu', 'hvac']",414579,185,1635638100000.0,1620776700000.0,,,AC_1B_RATemp,,,f,2,69.56,Return Air Temperature,85,1,98cad309aedecfff16645e78e1319a39,nyserda+0000108594+ahu-ac-1b+AC_1B_RATemp,185,108594,AHU,Air Handling Unit,,"['ahu', 'hvac']",414570,185,1635638100000.0,1620776700000.0,,,AC_1B_OATemp,,,f,2,59.42,Outside Air Temperature,76,1,e93a64bb988b1e285e19c237a99b84d1,nyserda+0000108594+ahu-ac-1b+AC_1B_OATemp,185,108594,AHU,Air Handling Unit,,"['ahu', 'hvac']"
72,414547,185,1635638100000.0,1620776700000.0,,,AC_1B Mixing Box (AC_1B)_MATemp1,,,f,2,69.56,Mixed Air Temperature,78,1,2163939c9f481eeff7b34598d943fc69,nyserda+0000108594+ahu-ac-1b+AC_1B Mixing Box (AC_1B)_MATemp1,34965,185,108594,AHU,Air Handling Unit,,"['ahu', 'hvac']",414579,185,1635638100000.0,1620776700000.0,,,AC_1B_RATemp,,,f,2,69.56,Return Air Temperature,85,1,98cad309aedecfff16645e78e1319a39,nyserda+0000108594+ahu-ac-1b+AC_1B_RATemp,185,108594,AHU,Air Handling Unit,,"['ahu', 'hvac']",414590,185,1635638100000.0,1620776700000.0,,,Outdoor Conditions (AC_1B)_OATemp,,,f,2,59.42,Outside Air Temperature,76,1,e8743c78605e03261c8c2834d4c53ae6,nyserda+0000108594+ahu-ac-1b+Outdoor Conditions (AC_1B)_OATemp,185,108594,AHU,Air Handling Unit,,"['ahu', 'hvac']"
73,414547,185,1635638100000.0,1620776700000.0,,,AC_1B Mixing Box (AC_1B)_MATemp1,,,f,2,69.56,Mixed Air Temperature,78,1,2163939c9f481eeff7b34598d943fc69,nyserda+0000108594+ahu-ac-1b+AC_1B Mixing Box (AC_1B)_MATemp1,34965,185,108594,AHU,Air Handling Unit,,"['ahu', 'hvac']",414579,185,1635638100000.0,1620776700000.0,,,AC_1B_RATemp,,,f,2,69.56,Return Air Temperature,85,1,98cad309aedecfff16645e78e1319a39,nyserda+0000108594+ahu-ac-1b+AC_1B_RATemp,185,108594,AHU,Air Handling Unit,,"['ahu', 'hvac']",414570,185,1635638100000.0,1620776700000.0,,,AC_1B_OATemp,,,f,2,59.42,Outside Air Temperature,76,1,e93a64bb988b1e285e19c237a99b84d1,nyserda+0000108594+ahu-ac-1b+AC_1B_OATemp,185,108594,AHU,Air Handling Unit,,"['ahu', 'hvac']"
74,201616,185,1635638100000.0,1559361600000.0,,,AC_2B_MATemp,AC_2B_MATemp,F,f,2,75.07,Mixed Air Temperature,78,1,21a50ca982e0d78b25bf34fdff362981,nyserda+0000108594+ac-2b+AC_2B_MATemp,34966,185,108594,AHU,Air Handling Unit,,"['ahu', 'hvac']",201633,185,1635638100000.0,1559361600000.0,,,AC_2B_RATemp,AC_2B_RATemp,F,f,2,76.31,Return Air Temperature,85,1,070647084f200f993a1ea634fe782639,nyserda+0000108594+ac-2b+AC_2B_RATemp,185,108594,AHU,Air Handling Unit,,"['ahu', 'hvac']",414595,185,1635638100000.0,1620776700000.0,,,Outdoor Conditions (AC_2B)_OATemp,,,f,2,59.42,Outside Air Temperature,76,1,40d909bfc37405784d6a4b806d454ce6,nyserda+0000108594+ahu-ac-2b+Outdoor Conditions (AC_2B)_OATemp,185,108594,AHU,Air Handling Unit,,"['ahu', 'hvac']"
75,201616,185,1635638100000.0,1559361600000.0,,,AC_2B_MATemp,AC_2B_MATemp,F,f,2,75.07,Mixed Air Temperature,78,1,21a50ca982e0d78b25bf34fdff362981,nyserda+0000108594+ac-2b+AC_2B_MATemp,34966,185,108594,AHU,Air Handling Unit,,"['ahu', 'hvac']",201633,185,1635638100000.0,1559361600000.0,,,AC_2B_RATemp,AC_2B_RATemp,F,f,2,76.31,Return Air Temperature,85,1,070647084f200f993a1ea634fe782639,nyserda+0000108594+ac-2b+AC_2B_RATemp,185,108594,AHU,Air Handling Unit,,"['ahu', 'hvac']",201622,185,1635638100000.0,1559361600000.0,,,AC_2B_OATemp,AC_2B_OATemp,F,f,2,59.42,Outside Air Temperature,76,1,f908e4275d6affccad727d7ca30bc2b5,nyserda+0000108594+ac-2b+AC_2B_OATemp,185,108594,AHU,Air Handling Unit,,"['ahu', 'hvac']"
76,201663,185,1572494100000.0,1559361600000.0,,,AC_47B_MATemp_2 (Preheat),AC_47B_MATemp_2 (Preheat),F,f,2,66.66,Mixed Air Temperature,78,1,2819635b8b9ffd2f5828e75f583d85c5,nyserda+0000108594+ac-47b+AC_47B_MATemp_2 (Preheat),34967,185,108594,AHU,Air Handling Unit,,"['ahu', 'hvac']",201674,185,1572494100000.0,1559361600000.0,,,AC_47B_RATemp,AC_47B_RATemp,F,f,2,71.15,Return Air Temperature,85,1,fbfc8b7dbe3fc63184253bbf9ce30ed1,nyserda+0000108594+ac-47b+AC_47B_RATemp,185,108594,AHU,Air Handling Unit,,"['ahu', 'hvac']",201667,185,1572494100000.0,1559361600000.0,,,AC_47B_OATemp,AC_47B_OATemp,F,f,2,62.46,Outside Air Temperature,76,1,4a9e6228c71fc29fd5b37d8a7ffdae59,nyserda+0000108594+ac-47b+AC_47B_OATemp,185,108594,AHU,Air Handling Unit,,"['ahu', 'hvac']"
77,201662,185,1572494100000.0,1559361600000.0,,,AC_47B_MATemp (Preheat),AC_47B_MATemp (Preheat),F,f,2,55.27,Mixed Air Temperature,78,1,06c5d85771687bd5de52c4ce4b51635d,nyserda+0000108594+ac-47b+AC_47B_MATemp (Preheat),34967,185,108594,AHU,Air Handling Unit,,"['ahu', 'hvac']",201674,185,1572494100000.0,1559361600000.0,,,AC_47B_RATemp,AC_47B_RATemp,F,f,2,71.15,Return Air Temperature,85,1,fbfc8b7dbe3fc63184253bbf9ce30ed1,nyserda+0000108594+ac-47b+AC_47B_RATemp,185,108594,AHU,Air Handling Unit,,"['ahu', 'hvac']",201667,185,1572494100000.0,1559361600000.0,,,AC_47B_OATemp,AC_47B_OATemp,F,f,2,62.46,Outside Air Temperature,76,1,4a9e6228c71fc29fd5b37d8a7ffdae59,nyserda+0000108594+ac-47b+AC_47B_OATemp,185,108594,AHU,Air Handling Unit,,"['ahu', 'hvac']"
78,209008,259,1535773500000.0,1517461200000.0,,,,AHU-12G-2 Auditorium_Mixed Air Temp,F,,2,67.9,Mixed Air Temperature,78,1,a30197036630c90d8a040363d0d4f787,nyserda+0000082294+ahu-12G-2+AHU-12G-2 Auditorium_Mixed Air Temp,19842,259,82294,AHU,Air Handling Unit,,"['ahu', 'hvac']",209020,259,1535773500000.0,1517461200000.0,,,,AHU-12G-2 Auditorium_Return Air Temp,F,,2,71.7,Return Air Temperature,85,1,ba2d8c0fe77afdbcce42bee3398119f8,nyserda+0000082294+ahu-12G-2+AHU-12G-2 Auditorium_Return Air Temp,259,82294,AHU,Air Handling Unit,,"['ahu', 'hvac']",209018,259,1535773500000.0,1517461200000.0,,,,AHU-12G-2 Auditorium_Outdoor Air Temp,F,,2,68.6,Outside Air Temperature,76,1,eee610b0c6d8dd0e7f0d6fe0519a8312,nyserda+0000082294+ahu-12G-2+AHU-12G-2 Auditorium_Outdoor Air Temp,259,82294,AHU,Air Handling Unit,,"['ahu', 'hvac']"
79,209129,259,1535773500000.0,1517461200000.0,,,,AHU-12G-8 Gym_Mixed Air Temp,F,,2,68.4,Mixed Air Temperature,78,1,80d3a43e17ee3b72198bc923fc57c529,nyserda+0000082294+ahu-12G-8+AHU-12G-8 Gym_Mixed Air Temp,19846,259,82294,AHU,Air Handling Unit,,"['ahu', 'hvac']",209141,259,1535773500000.0,1517461200000.0,,,,AHU-12G-8 Gym_Return Air Temp,F,,2,67.6,Return Air Temperature,85,1,8ca7bb9b408b1429eddcf5c3f1e19f76,nyserda+0000082294+ahu-12G-8+AHU-12G-8 Gym_Return Air Temp,259,82294,AHU,Air Handling Unit,,"['ahu', 'hvac']",209139,259,1535773500000.0,1517461200000.0,,,,AHU-12G-8 Gym_Outdoor Air Temp,F,,2,68.6,Outside Air Temperature,76,1,3ab4847ab7fbb5db754f9990e6e1e258,nyserda+0000082294+ahu-12G-8+AHU-12G-8 Gym_Outdoor Air Temp,259,82294,AHU,Air Handling Unit,,"['ahu', 'hvac']"
80,209159,259,1535773500000.0,1517462100000.0,,,,AHU-1H2 Rm 1318_Mixed Air Temp,F,,2,67.7,Mixed Air Temperature,78,1,f0ecbd40e2829ec8ab52d49603bf6256,nyserda+0000082294+ahu-1H2+AHU-1H2 Rm 1318_Mixed Air Temp,19847,259,82294,AHU,Air Handling Unit,,"['ahu', 'hvac']",209167,259,1535773500000.0,1517462100000.0,,,,AHU-1H2 Rm 1318_Return Air Temp,F,,2,74.1,Return Air Temperature,85,1,462e05ea3566327e6234ef94f25a6d04,nyserda+0000082294+ahu-1H2+AHU-1H2 Rm 1318_Return Air Temp,259,82294,AHU,Air Handling Unit,,"['ahu', 'hvac']",209166,259,1535773500000.0,1517462100000.0,,,,AHU-1H2 Rm 1318_Outdoor Air Temp,F,,2,0,Outside Air Temperature,76,1,3abcbeb1aec5918b8b2aa432bae7e278,nyserda+0000082294+ahu-1H2+AHU-1H2 Rm 1318_Outdoor Air Temp,259,82294,AHU,Air Handling Unit,,"['ahu', 'hvac']"
81,209185,259,1535773500000.0,1517461200000.0,,,,AHU-1H3 Rm 1319_Mixed Air Temp,F,,2,65.6,Mixed Air Temperature,78,1,872ce3864c00bdd1cea1360441da431a,nyserda+0000082294+ahu-1H3+AHU-1H3 Rm 1319_Mixed Air Temp,19848,259,82294,AHU,Air Handling Unit,,"['ahu', 'hvac']",209193,259,1535773500000.0,1517461200000.0,,,,AHU-1H3 Rm 1319_Return Air Temp,F,,2,74.1,Return Air Temperature,85,1,af530c4e8ab741859dbbae3d1727440e,nyserda+0000082294+ahu-1H3+AHU-1H3 Rm 1319_Return Air Temp,259,82294,AHU,Air Handling Unit,,"['ahu', 'hvac']",209192,259,1535773500000.0,1517461200000.0,,,,AHU-1H3 Rm 1319_Outdoor Air Temp,F,,2,0,Outside Air Temperature,76,1,728b939507ca6fec728193e72ec2f225,nyserda+0000082294+ahu-1H3+AHU-1H3 Rm 1319_Outdoor Air Temp,259,82294,AHU,Air Handling Unit,,"['ahu', 'hvac']"
82,214112,288,1544473800000.0,1527825600000.0,,,,AHU-1 Orchestra Front_Mixed Air Temp,F,,2,68.2,Mixed Air Temperature,78,1,0bdf4765d5b9b461544e0eae6e61dccc,nyserda+0000085918+ahu1+AHU-1 Orchestra Front_Mixed Air Temp,20412,288,85918,AHU,Air Handling Unit,,"['ahu', 'hvac']",214124,288,1544473800000.0,1527825600000.0,,,,AHU-1 Orchestra Front_Return Air Temp,F,,2,69.2,Return Air Temperature,85,1,4ac96c0f0c16ffcd352c85c8bef74148,nyserda+0000085918+ahu1+AHU-1 Orchestra Front_Return Air Temp,288,85918,AHU,Air Handling Unit,,"['ahu', 'hvac']",214114,288,1544139000000.0,1527825600000.0,,,,AHU-1 Orchestra Front_OA Temp (Reference value),F,,2,38.7,Outside Air Temperature,76,1,c0ba8ea11d396e11faa0158f26e8ca8e,nyserda+0000085918+ahu1+AHU-1 Orchestra Front_OA Temp (Reference value),288,85918,AHU,Air Handling Unit,,"['ahu', 'hvac']"
83,214112,288,1544473800000.0,1527825600000.0,,,,AHU-1 Orchestra Front_Mixed Air Temp,F,,2,68.2,Mixed Air Temperature,78,1,0bdf4765d5b9b461544e0eae6e61dccc,nyserda+0000085918+ahu1+AHU-1 Orchestra Front_Mixed Air Temp,20412,288,85918,AHU,Air Handling Unit,,"['ahu', 'hvac']",214124,288,1544473800000.0,1527825600000.0,,,,AHU-1 Orchestra Front_Return Air Temp,F,,2,69.2,Return Air Temperature,85,1,4ac96c0f0c16ffcd352c85c8bef74148,nyserda+0000085918+ahu1+AHU-1 Orchestra Front_Return Air Temp,288,85918,AHU,Air Handling Unit,,"['ahu', 'hvac']",214120,288,1544473800000.0,1527825600000.0,,,,AHU-1 Orchestra Front_Outdoor Air Temp,F,,2,42.6,Outside Air Temperature,76,1,025b3d325e24d53165199180913283a1,nyserda+0000085918+ahu1+AHU-1 Orchestra Front_Outdoor Air Temp,288,85918,AHU,Air Handling Unit,,"['ahu', 'hvac']"
84,214153,288,1544473800000.0,1527825600000.0,,,,AHU-2 Theater Mezz_Mixed Air Temp,F,,2,52.8,Mixed Air Temperature,78,1,9ddc0aa5bde3380cec31e3d2c296d524,nyserda+0000085918+ahu2+AHU-2 Theater Mezz_Mixed Air Temp,20413,288,85918,AHU,Air Handling Unit,,"['ahu', 'hvac']",214165,288,1544473800000.0,1527825600000.0,,,,AHU-2 Theater Mezz_Return Air Temp,F,,2,68.3,Return Air Temperature,85,1,f814fd8585c9badc3c08cfeebd562130,nyserda+0000085918+ahu2+AHU-2 Theater Mezz_Return Air Temp,288,85918,AHU,Air Handling Unit,,"['ahu', 'hvac']",214155,288,1544139000000.0,1527825600000.0,,,,AHU-2 Theater Mezz_OA Temp (Reference value),F,,2,38.7,Outside Air Temperature,76,1,b6e57159a89a47777df706f8f53ea4f9,nyserda+0000085918+ahu2+AHU-2 Theater Mezz_OA Temp (Reference value),288,85918,AHU,Air Handling Unit,,"['ahu', 'hvac']"
85,214153,288,1544473800000.0,1527825600000.0,,,,AHU-2 Theater Mezz_Mixed Air Temp,F,,2,52.8,Mixed Air Temperature,78,1,9ddc0aa5bde3380cec31e3d2c296d524,nyserda+0000085918+ahu2+AHU-2 Theater Mezz_Mixed Air Temp,20413,288,85918,AHU,Air Handling Unit,,"['ahu', 'hvac']",214165,288,1544473800000.0,1527825600000.0,,,,AHU-2 Theater Mezz_Return Air Temp,F,,2,68.3,Return Air Temperature,85,1,f814fd8585c9badc3c08cfeebd562130,nyserda+0000085918+ahu2+AHU-2 Theater Mezz_Return Air Temp,288,85918,AHU,Air Handling Unit,,"['ahu', 'hvac']",214161,288,1544473800000.0,1527825600000.0,,,,AHU-2 Theater Mezz_Outdoor Air Temp,F,,2,42.6,Outside Air Temperature,76,1,712b635980ff7e8fbed2a11c7a154f85,nyserda+0000085918+ahu2+AHU-2 Theater Mezz_Outdoor Air Temp,288,85918,AHU,Air Handling Unit,,"['ahu', 'hvac']"
86,214189,288,1544473800000.0,1527825600000.0,,,,AHU-3 Lobby_Mixed Air Temp,F,,2,69.1,Mixed Air Temperature,78,1,0ebd872d39bb6adb6abc67c1b7d8bf56,nyserda+0000085918+ahu3+AHU-3 Lobby_Mixed Air Temp,20414,288,85918,AHU,Air Handling Unit,,"['ahu', 'hvac']",214206,288,1544473800000.0,1527825600000.0,,,,AHU-3 Lobby_Return Air Temp,F,,2,69.7,Return Air Temperature,85,1,c511500d8e1e8a08923c3f9e1d56d8db,nyserda+0000085918+ahu3+AHU-3 Lobby_Return Air Temp,288,85918,AHU,Air Handling Unit,,"['ahu', 'hvac']",214202,288,1544473800000.0,1527825600000.0,,,,AHU-3 Lobby_Outdoor Air Temp,F,,2,42.6,Outside Air Temperature,76,1,59a9028dfef22c91b6f33d7a031d6b83,nyserda+0000085918+ahu3+AHU-3 Lobby_Outdoor Air Temp,288,85918,AHU,Air Handling Unit,,"['ahu', 'hvac']"
87,214189,288,1544473800000.0,1527825600000.0,,,,AHU-3 Lobby_Mixed Air Temp,F,,2,69.1,Mixed Air Temperature,78,1,0ebd872d39bb6adb6abc67c1b7d8bf56,nyserda+0000085918+ahu3+AHU-3 Lobby_Mixed Air Temp,20414,288,85918,AHU,Air Handling Unit,,"['ahu', 'hvac']",214206,288,1544473800000.0,1527825600000.0,,,,AHU-3 Lobby_Return Air Temp,F,,2,69.7,Return Air Temperature,85,1,c511500d8e1e8a08923c3f9e1d56d8db,nyserda+0000085918+ahu3+AHU-3 Lobby_Return Air Temp,288,85918,AHU,Air Handling Unit,,"['ahu', 'hvac']",214196,288,1544139000000.0,1527825600000.0,,,,AHU-3 Lobby_OA Temp (Reference value),F,,2,38.7,Outside Air Temperature,76,1,92612c0cf8d1763513bd9e41ac6323c5,nyserda+0000085918+ahu3+AHU-3 Lobby_OA Temp (Reference value),288,85918,AHU,Air Handling Unit,,"['ahu', 'hvac']"
88,219473,324,1551415500000.0,1548997200000.0,,,,AC-2-1N_Mixed Air Temperature,F,,2,72.9,Mixed Air Temperature,78,1,5110d4020306deb5550c06fe3061bc6a,nyserda+0000096512+ac-2-1+AC-2-1N_Mixed Air Temperature,21114,324,96512,AHU,Air Handling Unit,,"['ahu', 'hvac']",219484,324,1551415500000.0,1548997200000.0,,,,AC-2-1N_Return Air Temperature,F,,2,57,Return Air Temperature,85,1,bcc7012d7ee368b270477c9226327ed6,nyserda+0000096512+ac-2-1+AC-2-1N_Return Air Temperature,324,96512,AHU,Air Handling Unit,,"['ahu', 'hvac']",219475,324,1551415500000.0,1548997200000.0,,,,AC-2-1N_OA Temp (Reference value),F,,2,30,Outside Air Temperature,76,1,4c0e8dc5873596eaac10079d4605e20c,nyserda+0000096512+ac-2-1+AC-2-1N_OA Temp (Reference value),324,96512,AHU,Air Handling Unit,,"['ahu', 'hvac']"
89,219502,324,1551415500000.0,1548997200000.0,,,,AC-2-2N_Mixed Air Temperature,F,,2,31.5,Mixed Air Temperature,78,1,0801f6f55a0ba0d6820afa600496fbbf,nyserda+0000096512+ac-2-2+AC-2-2N_Mixed Air Temperature,21115,324,96512,AHU,Air Handling Unit,,"['ahu', 'hvac']",219514,324,1551415500000.0,1548997200000.0,,,,AC-2-2N_Return Air Temperature,F,,2,52.5,Return Air Temperature,85,1,d45a28be775ff95b99734e6241a8302b,nyserda+0000096512+ac-2-2+AC-2-2N_Return Air Temperature,324,96512,AHU,Air Handling Unit,,"['ahu', 'hvac']",219532,324,1576138500000.0,1569902400000.0,,,,AC-2-2N (LCI & MP581)_Outdoor Air Temp,F,,2,32,Outside Air Temperature,76,1,77e5fab76584cf0ac3161e292995305f,nyserda+0000096512+ac-2-2+AC-2-2N (LCI & MP581)_Outdoor Air Temp,324,96512,AHU,Air Handling Unit,,"['ahu', 'hvac']"
90,219502,324,1551415500000.0,1548997200000.0,,,,AC-2-2N_Mixed Air Temperature,F,,2,31.5,Mixed Air Temperature,78,1,0801f6f55a0ba0d6820afa600496fbbf,nyserda+0000096512+ac-2-2+AC-2-2N_Mixed Air Temperature,21115,324,96512,AHU,Air Handling Unit,,"['ahu', 'hvac']",219514,324,1551415500000.0,1548997200000.0,,,,AC-2-2N_Return Air Temperature,F,,2,52.5,Return Air Temperature,85,1,d45a28be775ff95b99734e6241a8302b,nyserda+0000096512+ac-2-2+AC-2-2N_Return Air Temperature,324,96512,AHU,Air Handling Unit,,"['ahu', 'hvac']",219533,324,1576138500000.0,1569902400000.0,,,,AC-2-2N (LCI & MP581)_SC Facility OA Temperature,F,,2,31.7,Outside Air Temperature,76,1,dd0632a81e67414fba35dc531133a14c,nyserda+0000096512+ac-2-2+AC-2-2N (LCI & MP581)_SC Facility OA Temperature,324,96512,AHU,Air Handling Unit,,"['ahu', 'hvac']"
91,219502,324,1551415500000.0,1548997200000.0,,,,AC-2-2N_Mixed Air Temperature,F,,2,31.5,Mixed Air Temperature,78,1,0801f6f55a0ba0d6820afa600496fbbf,nyserda+0000096512+ac-2-2+AC-2-2N_Mixed Air Temperature,21115,324,96512,AHU,Air Handling Unit,,"['ahu', 'hvac']",219514,324,1551415500000.0,1548997200000.0,,,,AC-2-2N_Return Air Temperature,F,,2,52.5,Return Air Temperature,85,1,d45a28be775ff95b99734e6241a8302b,nyserda+0000096512+ac-2-2+AC-2-2N_Return Air Temperature,324,96512,AHU,Air Handling Unit,,"['ahu', 'hvac']",219504,324,1551415500000.0,1548997200000.0,,,,AC-2-2N_OA Temp (Reference value),F,,2,30,Outside Air Temperature,76,1,5fc586cfb9c44f9796cc046c941e174a,nyserda+0000096512+ac-2-2+AC-2-2N_OA Temp (Reference value),324,96512,AHU,Air Handling Unit,,"['ahu', 'hvac']"
92,219502,324,1551415500000.0,1548997200000.0,,,,AC-2-2N_Mixed Air Temperature,F,,2,31.5,Mixed Air Temperature,78,1,0801f6f55a0ba0d6820afa600496fbbf,nyserda+0000096512+ac-2-2+AC-2-2N_Mixed Air Temperature,21115,324,96512,AHU,Air Handling Unit,,"['ahu', 'hvac']",219514,324,1551415500000.0,1548997200000.0,,,,AC-2-2N_Return Air Temperature,F,,2,52.5,Return Air Temperature,85,1,d45a28be775ff95b99734e6241a8302b,nyserda+0000096512+ac-2-2+AC-2-2N_Return Air Temperature,324,96512,AHU,Air Handling Unit,,"['ahu', 'hvac']",219511,324,1551415500000.0,1548997200000.0,,,,AC-2-2N_Outdoor Air Temperature,F,,2,TRUE,Outside Air Temperature,76,1,36d13ee71e7fdf0599eada2f98110601,nyserda+0000096512+ac-2-2+AC-2-2N_Outdoor Air Temperature,324,96512,AHU,Air Handling Unit,,"['ahu', 'hvac']"
93,219558,324,1551415500000.0,1548997200000.0,,,,AC-2-3N_Mixed Air Temperature,F,,2,66,Mixed Air Temperature,78,1,e1131f198cb14efbfb6222b642f49482,nyserda+0000096512+ac-2-3+AC-2-3N_Mixed Air Temperature,21116,324,96512,AHU,Air Handling Unit,,"['ahu', 'hvac']",219570,324,1551415500000.0,1548997200000.0,,,,AC-2-3N_Return Air Temperature,F,,2,65.1,Return Air Temperature,85,1,325b75c53abf4fff6c4b1af342311469,nyserda+0000096512+ac-2-3+AC-2-3N_Return Air Temperature,324,96512,AHU,Air Handling Unit,,"['ahu', 'hvac']",219560,324,1551415500000.0,1548997200000.0,,,,AC-2-3N_OA Temp (Reference value),F,,2,30,Outside Air Temperature,76,1,b86d52e9c652ab5978d3eef17cc261f8,nyserda+0000096512+ac-2-3+AC-2-3N_OA Temp (Reference value),324,96512,AHU,Air Handling Unit,,"['ahu', 'hvac']"
94,219558,324,1551415500000.0,1548997200000.0,,,,AC-2-3N_Mixed Air Temperature,F,,2,66,Mixed Air Temperature,78,1,e1131f198cb14efbfb6222b642f49482,nyserda+0000096512+ac-2-3+AC-2-3N_Mixed Air Temperature,21116,324,96512,AHU,Air Handling Unit,,"['ahu', 'hvac']",219570,324,1551415500000.0,1548997200000.0,,,,AC-2-3N_Return Air Temperature,F,,2,65.1,Return Air Temperature,85,1,325b75c53abf4fff6c4b1af342311469,nyserda+0000096512+ac-2-3+AC-2-3N_Return Air Temperature,324,96512,AHU,Air Handling Unit,,"['ahu', 'hvac']",219567,324,1551415500000.0,1548997200000.0,,,,AC-2-3N_Outdoor Air Temperature,F,,2,TRUE,Outside Air Temperature,76,1,2ba45650ab2316e57fab8f5ccb4edd58,nyserda+0000096512+ac-2-3+AC-2-3N_Outdoor Air Temperature,324,96512,AHU,Air Handling Unit,,"['ahu', 'hvac']"
95,219609,324,1551415500000.0,1548997200000.0,,,,AC-2-5N_Mixed Air Temperature,F,,2,82.9,Mixed Air Temperature,78,1,a0f372c870549aeafc67394ba709a946,nyserda+0000096512+ac-2-5+AC-2-5N_Mixed Air Temperature,21118,324,96512,AHU,Air Handling Unit,,"['ahu', 'hvac']",219622,324,1551415500000.0,1548997200000.0,,,,AC-2-5N_Return Air Temperature,F,,2,61.5,Return Air Temperature,85,1,5ce97b1fc66c4400511b2d4eaac71173,nyserda+0000096512+ac-2-5+AC-2-5N_Return Air Temperature,324,96512,AHU,Air Handling Unit,,"['ahu', 'hvac']",219611,324,1551415500000.0,1548997200000.0,,,,AC-2-5N_OA Temp (Reference value),F,,2,30,Outside Air Temperature,76,1,3720bb83a9ec6ebbfb7b9cd0d329dc73,nyserda+0000096512+ac-2-5+AC-2-5N_OA Temp (Reference value),324,96512,AHU,Air Handling Unit,,"['ahu', 'hvac']"
96,219609,324,1551415500000.0,1548997200000.0,,,,AC-2-5N_Mixed Air Temperature,F,,2,82.9,Mixed Air Temperature,78,1,a0f372c870549aeafc67394ba709a946,nyserda+0000096512+ac-2-5+AC-2-5N_Mixed Air Temperature,21118,324,96512,AHU,Air Handling Unit,,"['ahu', 'hvac']",219622,324,1551415500000.0,1548997200000.0,,,,AC-2-5N_Return Air Temperature,F,,2,61.5,Return Air Temperature,85,1,5ce97b1fc66c4400511b2d4eaac71173,nyserda+0000096512+ac-2-5+AC-2-5N_Return Air Temperature,324,96512,AHU,Air Handling Unit,,"['ahu', 'hvac']",219618,324,1551415500000.0,1548997200000.0,,,,AC-2-5N_Outdoor Air Temperature,F,,2,TRUE,Outside Air Temperature,76,1,3a80b1f2e1561144e874fd0f41f59f75,nyserda+0000096512+ac-2-5+AC-2-5N_Outdoor Air Temperature,324,96512,AHU,Air Handling Unit,,"['ahu', 'hvac']"
97,222402,354,1535773500000.0,1519935300000.0,,,,HRU-10_Mixed Air Temp,F,,2,87.3,Mixed Air Temperature,78,1,38b728e18d64d49b345c3b9fa9f65436,nyserda+0000082140+ahu10+HRU-10_Mixed Air Temp,21613,354,82140,AHU,Air Handling Unit,,"['ahu', 'hvac']",222406,354,1535773500000.0,1519935300000.0,,,,HRU-10_Return Air Temp,F,,2,79,Return Air Temperature,85,1,ef8adfd2409aee530a1eba840c38e3dc,nyserda+0000082140+ahu10+HRU-10_Return Air Temp,354,82140,AHU,Air Handling Unit,,"['ahu', 'hvac']",222405,354,1535773500000.0,1519935300000.0,,,,HRU-10_Outdoor Air Temp,F,,2,72.3,Outside Air Temperature,76,1,c51d9313397c14fec11fa1ff124e3e54,nyserda+0000082140+ahu10+HRU-10_Outdoor Air Temp,354,82140,AHU,Air Handling Unit,,"['ahu', 'hvac']"
98,222424,354,1535773500000.0,1517461200000.0,,,,HRU-11 Weight Room_Mixed Air Temp,F,,2,72.9,Mixed Air Temperature,78,1,f8e8784aaba39888e491a9286e8955f9,nyserda+0000082140+ahu11-weightRoom+HRU-11 Weight Room_Mixed Air Temp,21614,354,82140,AHU,Air Handling Unit,,"['ahu', 'hvac']",222429,354,1535773500000.0,1517461200000.0,,,,HRU-11 Weight Room_Return Air Temp,F,,2,74.1,Return Air Temperature,85,1,9188a235ac0118cdcdf9e2b49685267e,nyserda+0000082140+ahu11-weightRoom+HRU-11 Weight Room_Return Air Temp,354,82140,AHU,Air Handling Unit,,"['ahu', 'hvac']",222428,354,1535773500000.0,1517461200000.0,,,,HRU-11 Weight Room_Outdoor Air Temp,F,,2,64.2,Outside Air Temperature,76,1,1fcd3140ca9efe632fa3e0587a4d18c6,nyserda+0000082140+ahu11-weightRoom+HRU-11 Weight Room_Outdoor Air Temp,354,82140,AHU,Air Handling Unit,,"['ahu', 'hvac']"
99,222445,354,1535773500000.0,1519935300000.0,,,,HRU-14_Mixed Air Temp,F,,2,71.2,Mixed Air Temperature,78,1,48dbb54fad2ca7bf19ea98bce726cc2b,nyserda+0000082140+ahu14+HRU-14_Mixed Air Temp,21615,354,82140,AHU,Air Handling Unit,,"['ahu', 'hvac']",222449,354,1535773500000.0,1519935300000.0,,,,HRU-14_Return Air Temp,F,,2,75.4,Return Air Temperature,85,1,07b05efd9143aa5ebed8c2ea57fb9ca0,nyserda+0000082140+ahu14+HRU-14_Return Air Temp,354,82140,AHU,Air Handling Unit,,"['ahu', 'hvac']",222448,354,1535773500000.0,1519935300000.0,,,,HRU-14_Outdoor Air Temp,F,,2,72.3,Outside Air Temperature,76,1,dcf632db69206d8291fcc8f22e9fd14e,nyserda+0000082140+ahu14+HRU-14_Outdoor Air Temp,354,82140,AHU,Air Handling Unit,,"['ahu', 'hvac']"
100,222466,354,1535773500000.0,1519935300000.0,,,,HRU-15_Mixed Air Temp,F,,2,70.5,Mixed Air Temperature,78,1,7ce72535d2789d396ec57cffe008c063,nyserda+0000082140+ahu15+HRU-15_Mixed Air Temp,21616,354,82140,AHU,Air Handling Unit,,"['ahu', 'hvac']",222470,354,1535773500000.0,1519935300000.0,,,,HRU-15_Return Air Temp,F,,2,79,Return Air Temperature,85,1,284862785c6ffff27433cd6d0b4ac9a3,nyserda+0000082140+ahu15+HRU-15_Return Air Temp,354,82140,AHU,Air Handling Unit,,"['ahu', 'hvac']",222469,354,1535773500000.0,1519935300000.0,,,,HRU-15_Outdoor Air Temp,F,,2,72.3,Outside Air Temperature,76,1,eb3820eb04506949477868d2293d0357,nyserda+0000082140+ahu15+HRU-15_Outdoor Air Temp,354,82140,AHU,Air Handling Unit,,"['ahu', 'hvac']"
101,222552,354,1535773500000.0,1519935300000.0,,,,HRU-3_Mixed Air Temp,F,,2,72.9,Mixed Air Temperature,78,1,5ab7b4e00c54bd685e45d845636b3a1c,nyserda+0000082140+ahu3+HRU-3_Mixed Air Temp,21620,354,82140,AHU,Air Handling Unit,,"['ahu', 'hvac']",222556,354,1535773500000.0,1519935300000.0,,,,HRU-3_Return Air Temp,F,,2,75.5,Return Air Temperature,85,1,851f012b9c7bc95b1d4c2f64aa0c371b,nyserda+0000082140+ahu3+HRU-3_Return Air Temp,354,82140,AHU,Air Handling Unit,,"['ahu', 'hvac']",222555,354,1535773500000.0,1519935300000.0,,,,HRU-3_Outdoor Air Temp,F,,2,72.3,Outside Air Temperature,76,1,65cff295138cf794720917f689de8b9d,nyserda+0000082140+ahu3+HRU-3_Outdoor Air Temp,354,82140,AHU,Air Handling Unit,,"['ahu', 'hvac']"
102,222590,354,1535773500000.0,1519935300000.0,,,,HRU-4_Mixed Air Temp,F,,2,72.8,Mixed Air Temperature,78,1,6ba742210322275fafcd4d1fd349e169,nyserda+0000082140+ahu4+HRU-4_Mixed Air Temp,21622,354,82140,AHU,Air Handling Unit,,"['ahu', 'hvac']",222594,354,1535773500000.0,1519935300000.0,,,,HRU-4_Return Air Temp,F,,2,73.8,Return Air Temperature,85,1,67dab546317b20e6011aefb518c101b7,nyserda+0000082140+ahu4+HRU-4_Return Air Temp,354,82140,AHU,Air Handling Unit,,"['ahu', 'hvac']",222593,354,1535773500000.0,1519935300000.0,,,,HRU-4_Outdoor Air Temp,F,,2,72.3,Outside Air Temperature,76,1,681719e6944a778cf05ce8f08d8df465,nyserda+0000082140+ahu4+HRU-4_Outdoor Air Temp,354,82140,AHU,Air Handling Unit,,"['ahu', 'hvac']"
103,222629,354,1535773500000.0,1519935300000.0,,,,HRU-5_Mixed Air Temp,F,,2,70.4,Mixed Air Temperature,78,1,b4d306ee6e09e0fa79d7dd29b74db922,nyserda+0000082140+ahu5+HRU-5_Mixed Air Temp,21624,354,82140,AHU,Air Handling Unit,,"['ahu', 'hvac']",222633,354,1535773500000.0,1519935300000.0,,,,HRU-5_Return Air Temp,F,,2,72.5,Return Air Temperature,85,1,b34fb84549b60c223b32795a14d5220e,nyserda+0000082140+ahu5+HRU-5_Return Air Temp,354,82140,AHU,Air Handling Unit,,"['ahu', 'hvac']",222632,354,1535773500000.0,1519935300000.0,,,,HRU-5_Outdoor Air Temp,F,,2,72.3,Outside Air Temperature,76,1,6df505263dc820244a3cfbbc454d8dbe,nyserda+0000082140+ahu5+HRU-5_Outdoor Air Temp,354,82140,AHU,Air Handling Unit,,"['ahu', 'hvac']"
104,222667,354,1535773500000.0,1519935300000.0,,,,HRU-6_Mixed Air Temp,F,,2,70.3,Mixed Air Temperature,78,1,9e016ab44f09d5733ec883834eab47e9,nyserda+0000082140+ahu6+HRU-6_Mixed Air Temp,21626,354,82140,AHU,Air Handling Unit,,"['ahu', 'hvac']",222671,354,1535773500000.0,1519935300000.0,,,,HRU-6_Return Air Temp,F,,2,74,Return Air Temperature,85,1,aeb6acfe833b6d41f12e5edbee5a778c,nyserda+0000082140+ahu6+HRU-6_Return Air Temp,354,82140,AHU,Air Handling Unit,,"['ahu', 'hvac']",222670,354,1535773500000.0,1519935300000.0,,,,HRU-6_Outdoor Air Temp,F,,2,72.3,Outside Air Temperature,76,1,43cdb552dc71460c7fef202bea522886,nyserda+0000082140+ahu6+HRU-6_Outdoor Air Temp,354,82140,AHU,Air Handling Unit,,"['ahu', 'hvac']"
105,222688,354,1535773500000.0,1519935300000.0,,,,HRU-7_Mixed Air Temp,F,,2,69.4,Mixed Air Temperature,78,1,95ba4a1cb3de5bdbfeff301661338181,nyserda+0000082140+ahu7+HRU-7_Mixed Air Temp,21627,354,82140,AHU,Air Handling Unit,,"['ahu', 'hvac']",222692,354,1535773500000.0,1519935300000.0,,,,HRU-7_Return Air Temp,F,,2,73.2,Return Air Temperature,85,1,b3138ba8c81a6b2b6c78a0d66a9736d3,nyserda+0000082140+ahu7+HRU-7_Return Air Temp,354,82140,AHU,Air Handling Unit,,"['ahu', 'hvac']",222691,354,1535773500000.0,1519935300000.0,,,,HRU-7_Outdoor Air Temp,F,,2,72.3,Outside Air Temperature,76,1,40514a935b27956d3eb919602331cc83,nyserda+0000082140+ahu7+HRU-7_Outdoor Air Temp,354,82140,AHU,Air Handling Unit,,"['ahu', 'hvac']"
106,222709,354,1535773500000.0,1519935300000.0,,,,HRU-8_Mixed Air Temp,F,,2,73.3,Mixed Air Temperature,78,1,243fdfb3c5e49499690dc275dfa7923e,nyserda+0000082140+ahu8+HRU-8_Mixed Air Temp,21628,354,82140,AHU,Air Handling Unit,,"['ahu', 'hvac']",222713,354,1535773500000.0,1519935300000.0,,,,HRU-8_Return Air Temp,F,,2,74.4,Return Air Temperature,85,1,d8250673484ed9ed801fad3d519e276b,nyserda+0000082140+ahu8+HRU-8_Return Air Temp,354,82140,AHU,Air Handling Unit,,"['ahu', 'hvac']",222712,354,1535773500000.0,1519935300000.0,,,,HRU-8_Outdoor Air Temp,F,,2,72.3,Outside Air Temperature,76,1,0e1055aecfcc6a3232f6fe688374bde0,nyserda+0000082140+ahu8+HRU-8_Outdoor Air Temp,354,82140,AHU,Air Handling Unit,,"['ahu', 'hvac']"
107,222730,354,1535773500000.0,1519935300000.0,,,,HRU-9_Mixed Air Temp,F,,2,72.2,Mixed Air Temperature,78,1,76fc085fb527b99c17ba8a71a4b20a85,nyserda+0000082140+ahu9+HRU-9_Mixed Air Temp,21629,354,82140,AHU,Air Handling Unit,,"['ahu', 'hvac']",222734,354,1535773500000.0,1519935300000.0,,,,HRU-9_Return Air Temp,F,,2,77,Return Air Temperature,85,1,4f712d736f0eaaece292cc3c658be605,nyserda+0000082140+ahu9+HRU-9_Return Air Temp,354,82140,AHU,Air Handling Unit,,"['ahu', 'hvac']",222733,354,1535773500000.0,1519935300000.0,,,,HRU-9_Outdoor Air Temp,F,,2,72.3,Outside Air Temperature,76,1,4b3ed6957e3b910be9f401ab52687180,nyserda+0000082140+ahu9+HRU-9_Outdoor Air Temp,354,82140,AHU,Air Handling Unit,,"['ahu', 'hvac']"
108,230542,396,1543639500000.0,1514782800000.0,,,,UC600-AHU-01_Mixed Air Temp,F,,2,64.6,Mixed Air Temperature,78,1,6833b35007c684d877e3549aba511f01,nyserda+0000091480+ahu1+UC600-AHU-01_Mixed Air Temp,22695,396,91480,AHU,Air Handling Unit,,"['ahu', 'hvac']",230561,396,1543639500000.0,1514782800000.0,,,,UC600-AHU-01_Return Air Temp,F,,2,66.2,Return Air Temperature,85,1,86fad3ecf49b4f96ab6a0ccc85c8ede3,nyserda+0000091480+ahu1+UC600-AHU-01_Return Air Temp,396,91480,AHU,Air Handling Unit,,"['ahu', 'hvac']",230557,396,1543639500000.0,1514782800000.0,,,,UC600-AHU-01_Outdoor Air Temp,F,,2,45.1,Outside Air Temperature,76,1,a2448b200db1037aa8281fc9a9c7b2cd,nyserda+0000091480+ahu1+UC600-AHU-01_Outdoor Air Temp,396,91480,AHU,Air Handling Unit,,"['ahu', 'hvac']"
109,230542,396,1543639500000.0,1514782800000.0,,,,UC600-AHU-01_Mixed Air Temp,F,,2,64.6,Mixed Air Temperature,78,1,6833b35007c684d877e3549aba511f01,nyserda+0000091480+ahu1+UC600-AHU-01_Mixed Air Temp,22695,396,91480,AHU,Air Handling Unit,,"['ahu', 'hvac']",230561,396,1543639500000.0,1514782800000.0,,,,UC600-AHU-01_Return Air Temp,F,,2,66.2,Return Air Temperature,85,1,86fad3ecf49b4f96ab6a0ccc85c8ede3,nyserda+0000091480+ahu1+UC600-AHU-01_Return Air Temp,396,91480,AHU,Air Handling Unit,,"['ahu', 'hvac']",230547,396,1543639500000.0,1522555200000.0,,,,UC600-AHU-01_OA Temp (Reference value),F,,2,41.2,Outside Air Temperature,76,1,9ce39a4fb78afe9c63177158479d45ba,nyserda+0000091480+ahu1+UC600-AHU-01_OA Temp (Reference value),396,91480,AHU,Air Handling Unit,,"['ahu', 'hvac']"
110,230593,396,1543639500000.0,1514782800000.0,,,,UC600-AHU-02_Mixed Air Temp,F,,2,55.6,Mixed Air Temperature,78,1,96062746a24b882b63b3f60037f0a99d,nyserda+0000091480+ahu2+UC600-AHU-02_Mixed Air Temp,22696,396,91480,AHU,Air Handling Unit,,"['ahu', 'hvac']",230611,396,1543639500000.0,1514782800000.0,,,,UC600-AHU-02_Return Air Temp,F,,2,65.6,Return Air Temperature,85,1,0ad9f6cee92991c9856d2a4651909f02,nyserda+0000091480+ahu2+UC600-AHU-02_Return Air Temp,396,91480,AHU,Air Handling Unit,,"['ahu', 'hvac']",230598,396,1543639500000.0,1522555200000.0,,,,UC600-AHU-02_OA Temp (Reference value),F,,2,41.2,Outside Air Temperature,76,1,a94f53a9b7538357e984fe69d34b7b7a,nyserda+0000091480+ahu2+UC600-AHU-02_OA Temp (Reference value),396,91480,AHU,Air Handling Unit,,"['ahu', 'hvac']"
111,230593,396,1543639500000.0,1514782800000.0,,,,UC600-AHU-02_Mixed Air Temp,F,,2,55.6,Mixed Air Temperature,78,1,96062746a24b882b63b3f60037f0a99d,nyserda+0000091480+ahu2+UC600-AHU-02_Mixed Air Temp,22696,396,91480,AHU,Air Handling Unit,,"['ahu', 'hvac']",230611,396,1543639500000.0,1514782800000.0,,,,UC600-AHU-02_Return Air Temp,F,,2,65.6,Return Air Temperature,85,1,0ad9f6cee92991c9856d2a4651909f02,nyserda+0000091480+ahu2+UC600-AHU-02_Return Air Temp,396,91480,AHU,Air Handling Unit,,"['ahu', 'hvac']",230607,396,1543639500000.0,1514782800000.0,,,,UC600-AHU-02_Outdoor Air Temp,F,,2,45.1,Outside Air Temperature,76,1,381bd6295a6497ac655e17550c74773a,nyserda+0000091480+ahu2+UC600-AHU-02_Outdoor Air Temp,396,91480,AHU,Air Handling Unit,,"['ahu', 'hvac']"
112,230647,396,1543639500000.0,1514782800000.0,,,,UC600-AHU-03_Mixed Air Temp,F,,2,68.3,Mixed Air Temperature,78,1,72f8222b0e68e3b3a3a75c08cc5d9e79,nyserda+0000091480+ahu3+UC600-AHU-03_Mixed Air Temp,22697,396,91480,AHU,Air Handling Unit,,"['ahu', 'hvac']",230667,396,1543639500000.0,1514782800000.0,,,,UC600-AHU-03_Return Air Temp,F,,2,71.5,Return Air Temperature,85,1,cf9b5b7310783bbcbe9771d9e716097b,nyserda+0000091480+ahu3+UC600-AHU-03_Return Air Temp,396,91480,AHU,Air Handling Unit,,"['ahu', 'hvac']",230652,396,1543639500000.0,1522555200000.0,,,,UC600-AHU-03_OA Temp (Reference value),F,,2,41.2,Outside Air Temperature,76,1,eb97f3cf64533c7f5870ebf6f2076e25,nyserda+0000091480+ahu3+UC600-AHU-03_OA Temp (Reference value),396,91480,AHU,Air Handling Unit,,"['ahu', 'hvac']"
113,230647,396,1543639500000.0,1514782800000.0,,,,UC600-AHU-03_Mixed Air Temp,F,,2,68.3,Mixed Air Temperature,78,1,72f8222b0e68e3b3a3a75c08cc5d9e79,nyserda+0000091480+ahu3+UC600-AHU-03_Mixed Air Temp,22697,396,91480,AHU,Air Handling Unit,,"['ahu', 'hvac']",230667,396,1543639500000.0,1514782800000.0,,,,UC600-AHU-03_Return Air Temp,F,,2,71.5,Return Air Temperature,85,1,cf9b5b7310783bbcbe9771d9e716097b,nyserda+0000091480+ahu3+UC600-AHU-03_Return Air Temp,396,91480,AHU,Air Handling Unit,,"['ahu', 'hvac']",230663,396,1543639500000.0,1514782800000.0,,,,UC600-AHU-03_Outdoor Air Temp,F,,2,45.1,Outside Air Temperature,76,1,0431d3d4e8f738aec5786c5cf0bf7ec5,nyserda+0000091480+ahu3+UC600-AHU-03_Outdoor Air Temp,396,91480,AHU,Air Handling Unit,,"['ahu', 'hvac']"
114,229827,391,1577768100000.0,1559938500000.0,,,,AHU_10L_MATemp,F,,2,53.02,Mixed Air Temperature,78,1,ec759cda8529b6c8dcb1b72a63311c27,nyserda+0000123698+ahu10+AHU_10L_MATemp,22584,391,123698,AHU,Air Handling Unit,,"['ahu', 'hvac']",229843,391,1577768100000.0,1559938500000.0,,,,AHU_10L_RATemp,F,,2,67.79,Return Air Temperature,85,1,b1274da4d9f074aa6ccb8b668c0f8144,nyserda+0000123698+ahu10+AHU_10L_RATemp,391,123698,AHU,Air Handling Unit,,"['ahu', 'hvac']",229834,391,1577768100000.0,1559938500000.0,,,,AHU_10L_OATemp,F,,2,41.57,Outside Air Temperature,76,1,633d1dd9c9582729c3c560eeb3210509,nyserda+0000123698+ahu10+AHU_10L_OATemp,391,123698,AHU,Air Handling Unit,,"['ahu', 'hvac']"
115,229883,391,1577768100000.0,1560781500000.0,,,,L_AH3_MAT,F,,2,67.42,Mixed Air Temperature,78,1,8a695e4671ceebec5a84c3b0dec1506d,nyserda+0000123698+ahu3+L_AH3_MAT,22589,391,123698,AHU,Air Handling Unit,,"['ahu', 'hvac']",229895,391,1577768100000.0,1560781500000.0,,,,L_AH3_RAT,F,,2,75.01,Return Air Temperature,85,1,6cbeecc1f4763cf1a2b98de2be533d37,nyserda+0000123698+ahu3+L_AH3_RAT,391,123698,AHU,Air Handling Unit,,"['ahu', 'hvac']",229889,391,1577768100000.0,1559938500000.0,,,,L_AH3_OATemp,F,,2,41.57,Outside Air Temperature,76,1,70aff5ea7a42e54e472f018d4ef16fe0,nyserda+0000123698+ahu3+L_AH3_OATemp,391,123698,AHU,Air Handling Unit,,"['ahu', 'hvac']"
116,230969,398,1577768100000.0,1554844800000.0,,,,AC-25-1_MaTmp,F,,2,75.74,Mixed Air Temperature,78,1,0333f2263b2291bdb6e8d511e8ae47da,nyserda+0000109188+ac25-1+AC-25-1_MaTmp,22734,398,109188,AHU,Air Handling Unit,,"['ahu', 'hvac']",230982,398,1577768100000.0,1554844800000.0,,,,AC-25-1_RaTmp,F,,2,74.96,Return Air Temperature,85,1,95c8e3cbbd6081be1f8cb78a8e60f330,nyserda+0000109188+ac25-1+AC-25-1_RaTmp,398,109188,AHU,Air Handling Unit,,"['ahu', 'hvac']",230976,398,1577768100000.0,1554932100000.0,,,,AC-25-1_OaTmp,F,,2,37.08,Outside Air Temperature,76,1,18896da3dc788a9de84f2c5e9bcfb49a,nyserda+0000109188+ac25-1+AC-25-1_OaTmp,398,109188,AHU,Air Handling Unit,,"['ahu', 'hvac']"
117,231000,398,1577768100000.0,1554844800000.0,,,,AC-4-1_MaTmp,F,,2,76.31,Mixed Air Temperature,78,1,5bc07319ee8a1f22dec9f34ad698d934,nyserda+0000109188+ac4-1+AC-4-1_MaTmp,22735,398,109188,AHU,Air Handling Unit,,"['ahu', 'hvac']",231012,398,1577768100000.0,1554844800000.0,,,,AC-4-1_RaTmp,F,,2,76.62,Return Air Temperature,85,1,7354b6fd64a4fac76eeb68382dee5a42,nyserda+0000109188+ac4-1+AC-4-1_RaTmp,398,109188,AHU,Air Handling Unit,,"['ahu', 'hvac']",231006,398,1577768100000.0,1554932100000.0,,,,AC-4-1_OaTmp,F,,2,37.08,Outside Air Temperature,76,1,bb8550c34feb8bfd3baa72726bc77e2d,nyserda+0000109188+ac4-1+AC-4-1_OaTmp,398,109188,AHU,Air Handling Unit,,"['ahu', 'hvac']"
118,231030,398,1577768100000.0,1554844800000.0,,,,AC-9-1_MaTmp,F,,2,72.60,Mixed Air Temperature,78,1,2e7b9cb55b578177e7e896e484b1ced7,nyserda+0000109188+ac9-1+AC-9-1_MaTmp,22736,398,109188,AHU,Air Handling Unit,,"['ahu', 'hvac']",231043,398,1577768100000.0,1554844800000.0,,,,AC-9-1_RaTmp,F,,2,74.76,Return Air Temperature,85,1,e78398b47be19242f5e1a90d1ba3f96a,nyserda+0000109188+ac9-1+AC-9-1_RaTmp,398,109188,AHU,Air Handling Unit,,"['ahu', 'hvac']",231037,398,1577768100000.0,1554932100000.0,,,,AC-9-1_OaTmp,F,,2,37.08,Outside Air Temperature,76,1,4bbf038bd272bb068799072af9e7a03e,nyserda+0000109188+ac9-1+AC-9-1_OaTmp,398,109188,AHU,Air Handling Unit,,"['ahu', 'hvac']"
